Time:16Hz,Epoch,sFiltered 0,Event Id,Event Date,Event Duration
0.0000000000,0,2539.8016516349,,,
0.0639999998,1,2740.8525336593,,,
0.1279999996,2,1288.7222964443,,,
0.1919999993,3,2061.9560892359,,,
0.2559999991,4,453.5220490852,,,
0.3199999989,5,2818.8486089085,,,
0.3839999987,6,4625.6980169727,,,
0.4479999985,7,1721.7730433417,,,
0.5119999982,8,1552.8289355408,,,
0.5759999980,9,2794.2001625200,,,
0.6399999978,10,2366.7212558184,,,
0.7039999976,11,5474.1675098723,,,
0.7679999974,12,1080.7429486177,,,
0.8319999971,13,620.3478552492,,,
0.8959999969,14,2197.1964631618,,,
0.9599999967,15,1177.8499999862,,,
1.0239999965,16,881.1972819278,,,
1.0879999963,17,698.1196860194,,,
1.1519999960,18,257.7511259487,,,
1.2159999958,19,74.9526873343,,,
1.2799999956,20,664.0718858002,,,
1.3439999954,21,245.3947548819,,,
1.4079999952,22,3378.2443363134,,,
1.4719999949,23,689.1699202260,,,
1.5359999947,24,2960.6362028727,,,
1.5999999945,25,3378.2829181543,,,
1.6639999943,26,4150.8500742876,,,
1.7279999941,27,1081.6070033220,,,
1.7919999938,28,5396.2710307718,,,
1.8559999936,29,15383.8923835081,,,
1.9199999934,30,12117.7443605787,,,
1.9839999932,31,22487.0557786686,,,
2.0479999930,32,19658.9868493212,,,
2.1119999927,33,8733.2993987935,,,
2.1759999925,34,25388.8554013819,,,
2.2399999923,35,19915.8683342698,,,
2.3039999921,36,19153.6066210671,,,
2.3679999919,37,43956.6294672694,,,
2.4319999916,38,11012.0867414116,,,
2.4959999914,39,7360.8773788971,,,
2.5599999912,40,3460.1047121764,,,
2.6239999910,41,2852.3299555165,,,
2.6879999908,42,8982.6983519128,,,
2.7519999905,43,2104.4193976578,,,
2.8159999903,44,854.6152847478,,,
2.8799999901,45,2455.0624723058,,,
2.9439999899,46,3739.9347342306,,,
3.0079999897,47,4882.5679117404,,,
3.0719999894,48,4840.9006424571,,,
3.1359999892,49,4305.7730139994,,,
3.1999999890,50,6694.5401351896,,,
3.2639999888,51,3568.6003944506,,,
3.3279999886,52,1576.0319340052,,,
3.3919999884,53,1130.3436864927,,,
3.4559999881,54,3776.2731982694,,,
3.5199999879,55,324.5961112907,,,
3.5839999877,56,359.3253456896,,,
3.6479999875,57,1617.8694653360,,,
3.7119999873,58,975.7782564764,,,
3.7759999870,59,2691.9447346204,,,
3.8399999868,60,1514.0590864914,,,
3.9039999866,61,820.8374062021,,,
3.9679999864,62,1792.3915402051,,,
4.0319999862,63,1785.3516965426,,,
4.0959999859,64,1186.5978265336,,,
4.1599999857,65,6420.6908980009,,,
4.2239999855,66,2253.6380567947,,,
4.2879999853,67,1006.7259577991,,,
4.3519999851,68,1149.3123588276,,,
4.4159999848,69,742.6551498992,,,
4.4799999846,70,1850.6588716129,,,
4.5439999844,71,3759.1921694798,,,
4.6079999842,72,2790.5152375679,,,
4.6719999840,73,2685.6817671574,,,
4.7359999837,74,1659.4790695200,,,
4.7999999835,75,2228.1800801004,,,
4.8639999833,76,5331.3294824364,,,
4.9279999831,77,1442.6426410879,,,
4.9919999829,78,5330.1087188766,,,
5.0559999826,79,866.6957480763,,,
5.1199999824,80,1922.1027193693,,,
5.1839999822,81,2061.3973119281,,,
5.2479999820,82,3520.6082687884,,,
5.3119999818,83,1691.7210752098,,,
5.3759999815,84,1304.7330106214,,,
5.4399999813,85,590.8412984006,,,
5.5039999811,86,391.0159458827,,,
5.5679999809,87,934.3986551211,,,
5.6319999807,88,2466.2768112423,,,
5.6959999804,89,529.5663439293,,,
5.7599999802,90,325.7736479500,,,
5.8239999800,91,1313.7441028251,,,
5.8879999798,92,2206.8546405185,,,
5.9519999796,93,2402.5927415442,,,
6.0159999793,94,1101.0953905531,,,
6.0799999791,95,1171.4818193601,,,
6.1439999789,96,960.4111503773,,,
6.2079999787,97,3102.1762967411,,,
6.2719999785,98,509.8284183841,,,
6.3359999782,99,433.8039621183,,,
6.3999999780,100,1343.5405500183,,,
6.4639999778,101,921.4755955631,,,
6.5279999776,102,2171.0781970482,,,
6.5919999774,103,7813.1982229797,,,
6.6559999771,104,2355.9085411467,,,
6.7199999769,105,1343.4178748406,,,
6.7839999767,106,9000.6692802849,,,
6.8479999765,107,13960.2142403560,,,
6.9119999763,108,7364.0147662802,,,
6.9759999760,109,16268.6236090579,,,
7.0399999758,110,1795.6123355854,,,
7.1039999756,111,2450.2550273552,,,
7.1679999754,112,6626.0947153920,,,
7.2319999752,113,1094.8084462284,,,
7.2959999749,114,810.0330004288,,,
7.3599999747,115,246.0934987533,,,
7.4239999745,116,1622.2198155064,,,
7.4879999743,117,740.5836181873,,,
7.5519999741,118,1925.4680582425,,,
7.6159999738,119,1056.7355844422,,,
7.6799999736,120,337.0026690393,,,
7.7439999734,121,753.7692761403,,,
7.8079999732,122,1649.4483248326,,,
7.8719999730,123,238.2489300502,,,
7.9359999727,124,646.2627217268,,,
7.9999999725,125,2752.1547293839,,,
8.0639999723,126,1919.3679274073,,,
8.1279999721,127,1736.8037545068,,,
8.1919999719,128,637.3914769905,,,
8.2559999716,129,1521.5738903207,,,
8.3199999714,130,1101.8418176339,,,
8.3839999712,131,1323.5964798418,,,
8.4479999710,132,696.8464754254,,,
8.5119999708,133,910.8453291825,,,
8.5759999705,134,1811.9628889056,,,
8.6399999703,135,996.6876709821,,,
8.7039999701,136,585.8072572568,,,
8.7679999699,137,586.9943981691,,,
8.8319999697,138,2146.1111361026,,,
8.8959999694,139,963.8778677195,,,
8.9599999692,140,899.7811650664,,,
9.0239999690,141,726.8384020227,,,
9.0879999688,142,884.2113145979,,,
9.1519999686,143,411.2574601769,,,
9.2159999683,144,560.9331430508,,,
9.2799999681,145,1456.4861160149,,,
9.3439999679,146,5423.6312934220,,,
9.4079999677,147,2096.6199254409,,,
9.4719999675,148,2589.7091838906,,,
9.5359999673,149,1328.3758978983,,,
9.5999999670,150,653.7445900715,,,
9.6639999668,151,1259.2641045603,,,
9.7279999666,152,679.7968560574,,,
9.7919999664,153,1521.6898909388,,,
9.8559999662,154,1445.0293428828,,,
9.9199999659,155,1209.2891483511,,,
9.9839999657,156,1469.4116677102,,,
10.0479999655,157,1935.0881849093,,,
10.1119999653,158,736.4571809214,,,
10.1759999651,159,2186.2190473664,,,
10.2399999648,160,3485.8117125412,,,
10.3039999646,161,1045.5366897441,,,
10.3679999644,162,2675.8346029995,,,
10.4319999642,163,1743.9699748936,,,
10.4959999640,164,3827.3438297884,,,
10.5599999637,165,4029.8839484163,,,
10.6239999635,166,733.4217634108,,,
10.6879999633,167,746.7882732665,,,
10.7519999631,168,493.5202544090,,,
10.8159999629,169,525.0501962077,,,
10.8799999626,170,567.5684930637,,,
10.9439999624,171,822.9238457235,,,
11.0079999622,172,1885.5198372337,,,
11.0719999620,173,832.1912531017,,,
11.1359999618,174,1844.3551159166,,,
11.1999999615,175,329.3437654468,,,
11.2639999613,176,2234.5022660047,,,
11.3279999611,177,3399.0838121562,,,
11.3919999609,178,2987.0971513925,,,
11.4559999607,179,720.1753715992,,,
11.5199999604,180,723.6139291527,,,
11.5839999602,181,874.7305119228,,,
11.6479999600,182,1000.5893370683,,,
11.7119999598,183,3236.0107780296,,,
11.7759999596,184,1466.3353035155,,,
11.8399999593,185,447.1914077311,,,
11.9039999591,186,1460.4571090861,,,
11.9679999589,187,1442.5860019994,,,
12.0319999587,188,1894.1046908115,,,
12.0959999585,189,1530.3366665913,,,
12.1599999582,190,3616.9019178093,,,
12.2239999580,191,1305.5233317361,,,
12.2879999578,192,979.5977339046,,,
12.3519999576,193,1190.9769234593,,,
12.4159999574,194,19061.1953158718,,,
12.4799999571,195,7122.3692928622,,,
12.5439999569,196,3954.4048744155,,,
12.6079999567,197,73009.8703318985,,,
12.6719999565,198,14743.7493386652,,,
12.7359999563,199,7267.8838966159,,,
12.7999999560,200,3667.7917394639,,,
12.8639999558,201,1931.1505752065,,,
12.9279999556,202,2285.2694992722,,,
12.9919999554,203,25212.0047963300,,,
13.0559999552,204,11879.0297468920,,,
13.1199999549,205,5697.6330531495,,,
13.1839999547,206,3289.2918627357,,,
13.2479999545,207,22246.4818059500,,,
13.3119999543,208,3065.1238382228,,,
13.3759999541,209,5633.6169683152,,,
13.4399999538,210,14611.0845166096,,,
13.5039999536,211,3910.6934100380,,,
13.5679999534,212,12730.1778103278,,,
13.6319999532,213,9674.0159308283,,,
13.6959999530,214,4308.2627323872,,,
13.7599999527,215,12029.6583392914,,,
13.8239999525,216,12329.1563605153,,,
13.8879999523,217,20515.5715880367,,,
13.9519999521,218,1169.1937318279,,,
14.0159999519,219,7183.9317527781,,,
14.0799999516,220,14885.5449650146,,,
14.1439999514,221,14358.2812658261,,,
14.2079999512,222,1590.0690230310,,,
14.2719999510,223,1357.2525005263,,,
14.3359999508,224,2690.4453149591,,,
14.3999999505,225,13651.9486523819,,,
14.4639999503,226,13152.7364721612,,,
14.5279999501,227,14222.8864850131,,,
14.5919999499,228,8181.7539286804,,,
14.6559999497,229,6377.7762495421,,,
14.7199999494,230,2122.2655730456,,,
14.7839999492,231,1273.5557678959,,,
14.8479999490,232,4475.2209664102,,,
14.9119999488,233,8399.5925705540,,,
14.9759999486,234,2503.5681900341,,,
15.0399999483,235,166.4414509099,,,
15.1039999481,236,1312.7188743158,,,
15.1679999479,237,3720.3084924514,,,
15.2319999477,238,17698.5520404532,,,
15.2959999475,239,8843.3688375796,,,
15.3599999472,240,3975.4970811337,,,
15.4239999470,241,2492.7809401573,,,
15.4879999468,242,1886.2694056253,,,
15.5519999466,243,11899.1739193642,,,
15.6159999464,244,5001.9299335035,,,
15.6799999462,245,2458.8503719356,,,
15.7439999459,246,6443.3390038085,,,
15.8079999457,247,3279.4436011536,,,
15.8719999455,248,5550.1859589681,,,
15.9359999453,249,2682.9610429585,,,
15.9999999451,250,3412.0189457048,,,
16.0639999448,251,6125.7675585428,,,
16.1279999446,252,4904.5944069604,,,
16.1919999444,253,7269.2488476610,,,
16.2559999442,254,3119.5913828604,,,
16.3199999440,255,795.8634703528,,,
16.3839999437,256,5256.7909197474,,,
16.4479999435,257,5125.0963043440,,,
16.5119999433,258,2145.9417085114,,,
16.5759999431,259,2518.7125025506,,,
16.6399999429,260,3331.5604729850,,,
16.7039999426,261,786.8046957219,,,
16.7679999424,262,3559.3052056246,,,
16.8319999422,263,623.2932028363,,,
16.8959999420,264,5624.8807898106,,,
16.9599999418,265,2446.5965607052,,,
17.0239999415,266,2612.5623699307,,,
17.0879999413,267,1666.3916123987,,,
17.1519999411,268,4404.6656306844,,,
17.2159999409,269,7566.7575222270,,,
17.2799999407,270,3381.0778658189,,,
17.3439999404,271,4504.8214605090,,,
17.4079999402,272,7088.0382667422,,,
17.4719999400,273,6499.2993646508,,,
17.5359999398,274,1804.5435534064,,,
17.5999999396,275,3323.3328802016,,,
17.6639999393,276,1113.0047310470,,,
17.7279999391,277,8425.4771925072,,,
17.7919999389,278,3920.7936385957,,,
17.8559999387,279,8935.0238108447,,,
17.9199999385,280,473.9927019770,,,
17.9839999382,281,5265.2437338943,,,
18.0479999380,282,19750.5248858247,,,
18.1119999378,283,14132.4779980675,,,
18.1759999376,284,18113.4395017571,,,
18.2399999374,285,2502.1327404623,,,
18.3039999371,286,687.0890377939,,,
18.3679999369,287,722.9885920700,,,
18.4319999367,288,342.0284902166,,,
18.4959999365,289,3880.4008657698,,,
18.5599999363,290,7463.5430225074,,,
18.6239999360,291,6680.8588107157,,,
18.6879999358,292,1338.5471032458,,,
18.7519999356,293,825.2962998878,,,
18.8159999354,294,4287.7251291006,,,
18.8799999352,295,5676.1079274122,,,
18.9439999349,296,1340.5415118636,,,
19.0079999347,297,980.3497173033,,,
19.0719999345,298,1544.8848941317,,,
19.1359999343,299,3421.5275991017,,,
19.1999999341,300,3117.4771100833,,,
19.2639999338,301,421.2933191069,,,
19.3279999336,302,6798.9616608849,,,
19.3919999334,303,1612.2923526391,,,
19.4559999332,304,1825.2651021344,,,
19.5199999330,305,6330.6860669099,,,
19.5839999327,306,1857.7517043811,,,
19.6479999325,307,1479.1611634173,,,
19.7119999323,308,6512.5876518770,,,
19.7759999321,309,1576.8723465543,,,
19.8399999319,310,1741.8259450180,,,
19.9039999316,311,1537.7809468168,,,
19.9679999314,312,2474.9545244385,,,
20.0319999312,313,2452.5636270423,,,
20.0959999310,314,2920.6275386844,,,
20.1599999308,315,6337.1760963769,,,
20.2239999305,316,6385.3021752022,,,
20.2879999303,317,3166.3134134994,,,
20.3519999301,318,7754.7040785849,,,
20.4159999299,319,7669.4804504558,,,
20.4799999297,320,9377.4284356750,,,
20.5439999294,321,3156.6876707029,,,
20.6079999292,322,1528.9778627244,,,
20.6719999290,323,2561.6598274839,,,
20.7359999288,324,5460.7343008716,,,
20.7999999286,325,8067.7163553519,,,
20.8639999283,326,4724.5613778086,,,
20.9279999281,327,6651.9300458517,,,
20.9919999279,328,3563.0684232921,,,
21.0559999277,329,3263.4089069629,,,
21.1199999275,330,18182.9445582747,,,
21.1839999272,331,5540.0117596259,,,
21.2479999270,332,976.5374065797,,,
21.3119999268,333,1509.9809089361,,,
21.3759999266,334,3397.0404589853,,,
21.4399999264,335,3930.0579864702,,,
21.5039999261,336,1632.4056749264,,,
21.5679999259,337,1168.8786235446,,,
21.6319999257,338,1237.7991833074,,,
21.6959999255,339,8306.7639444935,,,
21.7599999253,340,2120.3326645562,,,
21.8239999251,341,711.2790703115,,,
21.8879999248,342,1974.1100957493,,,
21.9519999246,343,1220.6925412912,,,
22.0159999244,344,1261.3751444320,,,
22.0799999242,345,1706.4861983838,,,
22.1439999240,346,620.2185842442,,,
22.2079999237,347,2792.8990863053,,,
22.2719999235,348,2192.8789398098,,,
22.3359999233,349,435.8593772183,,,
22.3999999231,350,1788.0534084619,,,
22.4639999229,351,3270.7026075232,,,
22.5279999226,352,791.5511871056,,,
22.5919999224,353,650.8863728210,,,
22.6559999222,354,1387.4891496737,,,
22.7199999220,355,7234.8875498854,,,
22.7839999218,356,1577.9622926605,,,
22.8479999215,357,2124.4811521228,,,
22.9119999213,358,4226.3081014681,,,
22.9759999211,359,2584.1132831533,,,
23.0399999209,360,863.5646404929,,,
23.1039999207,361,1877.7306091442,,,
23.1679999204,362,6828.2371550303,,,
23.2319999202,363,4724.8147554338,,,
23.2959999200,364,7668.5106246162,,,
23.3599999198,365,4041.6875716181,,,
23.4239999196,366,2213.6648303487,,,
23.4879999193,367,1763.3599044150,,,
23.5519999191,368,3663.4047185854,,,
23.6159999189,369,2448.0325294672,,,
23.6799999187,370,12550.9211660707,,,
23.7439999185,371,13310.0528824962,,,
23.8079999182,372,3534.3652441870,,,
23.8719999180,373,3084.6741763113,,,
23.9359999178,374,2120.6375975409,,,
23.9999999176,375,2439.7524181447,,,
24.0639999174,376,3359.1201827511,,,
24.1279999171,377,8100.8879745688,,,
24.1919999169,378,3356.9998276936,,,
24.2559999167,379,1917.9035691448,,,
24.3199999165,380,1789.0957984010,,,
24.3839999163,381,2624.6174807241,,,
24.4479999160,382,5146.3405772099,,,
24.5119999158,383,3449.2880936378,,,
24.5759999156,384,2242.9343439778,,,
24.6399999154,385,2086.3723601381,,,
24.7039999152,386,901.2081868169,,,
24.7679999149,387,1016.9621556614,,,
24.8319999147,388,520.3266303836,,,
24.8959999145,389,1376.8984811313,,,
24.9599999143,390,1107.7529645131,,,
25.0239999141,391,2806.3338099881,,,
25.0879999138,392,1323.4793056234,,,
25.1519999136,393,1466.7086812731,,,
25.2159999134,394,3521.8695157854,,,
25.2799999132,395,9368.5178435976,,,
25.3439999130,396,7025.9397091750,,,
25.4079999127,397,822.4239609968,,,
25.4719999125,398,2223.7908971493,,,
25.5359999123,399,5727.6279672125,,,
25.5999999121,400,3319.7677365808,,,
25.6639999119,401,4651.8397270122,,,
25.7279999116,402,6627.4349994156,,,
25.7919999114,403,1549.8230413710,,,
25.8559999112,404,663.2036402582,,,
25.9199999110,405,4990.1369335171,,,
25.9839999108,406,40379.0464577764,,,
26.0479999105,407,77441.4886286054,,,
26.1119999103,408,51862.6146326006,,,
26.1759999101,409,9500.5893117364,,,
26.2399999099,410,93310.8834331825,,,
26.3039999097,411,56285.4260660143,,,
26.3679999094,412,8951.4870298483,,,
26.4319999092,413,6704.8019525689,,,
26.4959999090,414,16375.1452047216,,,
26.5599999088,415,125908.4929304857,,,
26.6239999086,416,48798.8030421371,,,
26.6879999083,417,5919.7046915278,,,
26.7519999081,418,3609.3374461766,,,
26.8159999079,419,8950.9822363871,,,
26.8799999077,420,3113.3364861382,,,
26.9439999075,421,1056.9874396327,,,
27.0079999072,422,2919.1100350072,,,
27.0719999070,423,1172.1020074210,,,
27.1359999068,424,1769.0492053689,,,
27.1999999066,425,2839.4541963565,,,
27.2639999064,426,4486.6028790931,,,
27.3279999061,427,3261.7620015273,,,
27.3919999059,428,2500.1932635549,,,
27.4559999057,429,2262.5913445474,,,
27.5199999055,430,294.5631687666,,,
27.5839999053,431,512.0831440770,,,
27.6479999050,432,3735.3542319980,,,
27.7119999048,433,8906.3815911105,,,
27.7759999046,434,3377.4377929534,,,
27.8399999044,435,1574.7278600076,,,
27.9039999042,436,1673.4428655629,,,
27.9679999040,437,3480.6374117881,,,
28.0319999037,438,2206.4174252980,,,
28.0959999035,439,8601.0837310976,,,
28.1599999033,440,3561.6950058896,,,
28.2239999031,441,1181.3326407117,,,
28.2879999029,442,465.7634298454,,,
28.3519999026,443,1856.4949825111,,,
28.4159999024,444,1420.3770590541,,,
28.4799999022,445,3978.0746149340,,,
28.5439999020,446,2186.7073187303,,,
28.6079999018,447,1846.6815126585,,,
28.6719999015,448,2794.7814607174,,,
28.7359999013,449,2334.2216263743,,,
28.7999999011,450,2927.4654585673,,,
28.8639999009,451,2470.9442212030,,,
28.9279999007,452,2238.8968005850,,,
28.9919999004,453,3885.6200274812,,,
29.0559999002,454,5330.0330999623,,,
29.1199999000,455,3064.4766641442,,,
29.1839998998,456,3313.8637924628,,,
29.2479998996,457,8421.3187487849,,,
29.3119998993,458,3834.7018608518,,,
29.3759998991,459,7856.2063260804,,,
29.4399998989,460,3767.4914663904,,,
29.5039998987,461,701.7853825142,,,
29.5679998985,462,3225.5514975095,,,
29.6319998982,463,2120.6457164494,,,
29.6959998980,464,1871.4449615725,,,
29.7599998978,465,1919.7314680636,,,
29.8239998976,466,2360.2352899886,,,
29.8879998974,467,4533.7743630627,,,
29.9519998971,468,3807.2737039066,,,
30.0159998969,469,2474.3465575130,,,
30.0799998967,470,923.1654925830,,,
30.1439998965,471,532.6024741250,,,
30.2079998963,472,2232.7243892777,,,
30.2719998960,473,580.2806598938,,,
30.3359998958,474,636.0143367581,,,
30.3999998956,475,952.5868801068,,,
30.4639998954,476,5662.7400012834,,,
30.5279998952,477,15362.6074453629,,,
30.5919998949,478,3311.7622916647,,,
30.6559998947,479,1244.8732490068,,,
30.7199998945,480,1847.3532504813,,,
30.7839998943,481,2119.6164752803,,,
30.8479998941,482,1344.2025855341,,,
30.9119998938,483,1289.0177050675,,,
30.9759998936,484,814.5444197800,,,
31.0399998934,485,6969.7064285623,,,
31.1039998932,486,21167.4461204298,,,
31.1679998930,487,15215.6900394351,,,
31.2319998927,488,4941.7183828162,,,
31.2959998925,489,2106.8741852896,,,
31.3599998923,490,1057.3849608105,,,
31.4239998921,491,4271.4002605974,,,
31.4879998919,492,3837.7236816711,,,
31.5519998916,493,645.5550510637,,,
31.6159998914,494,1162.3909420528,,,
31.6799998912,495,1031.8984120367,,,
31.7439998910,496,1662.9679167507,,,
31.8079998908,497,1438.3106980951,,,
31.8719998905,498,1374.0606363078,,,
31.9359998903,499,1659.7857437840,,,
31.9999998901,500,2865.6886817516,,,
32.0639998899,501,1986.5813803425,,,
32.1279998897,502,802.1533702451,,,
32.1919998894,503,1489.9042242062,,,
32.2559998892,504,5811.3867429291,,,
32.3199998890,505,4487.5621967975,,,
32.3839998888,506,489.5735166963,,,
32.4479998886,507,4827.1977746155,,,
32.5119998883,508,2797.6021864660,,,
32.5759998881,509,1187.5140644193,,,
32.6399998879,510,3160.9718560522,,,
32.7039998877,511,3915.5426188163,,,
32.7679998875,512,3577.8165290418,,,
32.8319998872,513,2954.2057386054,,,
32.8959998870,514,3526.3442878214,,,
32.9599998868,515,3508.3480965987,,,
33.0239998866,516,1583.4905768169,,,
33.0879998864,517,852.4122356057,,,
33.1519998861,518,1589.0834463676,,,
33.2159998859,519,1791.7986750158,,,
33.2799998857,520,610.5447902914,,,
33.3439998855,521,2020.1797560994,,,
33.4079998853,522,2726.4950942892,,,
33.4719998850,523,373.1651957078,,,
33.5359998848,524,1390.2053242781,,,
33.5999998846,525,1178.1482119370,,,
33.6639998844,526,2115.9589476828,,,
33.7279998842,527,533.9346399770,,,
33.7919998839,528,180.3767031769,,,
33.8559998837,529,340.4424009455,,,
33.9199998835,530,2068.1234738366,,,
33.9839998833,531,203.1114012361,,,
34.0479998831,532,1024.9657458600,,,
34.1119998829,533,1523.0881947831,,,
34.1759998826,534,2888.8704735309,,,
34.2399998824,535,879.7927960972,,,
34.3039998822,536,853.2386449101,,,
34.3679998820,537,122.8300242505,,,
34.4319998818,538,1103.6484634029,,,
34.4959998815,539,1612.0701719315,,,
34.5599998813,540,621.0023450342,,,
34.6239998811,541,137.0893053540,,,
34.6879998809,542,1090.0604103983,,,
34.7519998807,543,4421.0493282732,,,
34.8159998804,544,630.0379508911,,,
34.8799998802,545,17273.3017163282,,,
34.9439998800,546,12357.7335909919,,,
35.0079998798,547,1424.0284328620,,,
35.0719998796,548,2712.4244221412,,,
35.1359998793,549,925.6568461573,,,
35.1999998791,550,583.0807541660,,,
35.2639998789,551,1085.3547602976,,,
35.3279998787,552,1359.8453745652,,,
35.3919998785,553,509.8418135768,,,
35.4559998782,554,597.3240360768,,,
35.5199998780,555,3429.3375133502,,,
35.5839998778,556,2421.2328184492,,,
35.6479998776,557,135.6126309437,,,
35.7119998774,558,1482.2546697770,,,
35.7759998771,559,1872.3563182225,,,
35.8399998769,560,2123.7314225102,,,
35.9039998767,561,1812.7404841828,,,
35.9679998765,562,1188.2267081922,,,
36.0319998763,563,909.1270233726,,,
36.0959998760,564,2525.9276274838,,,
36.1599998758,565,1233.8054043025,,,
36.2239998756,566,1247.7143331493,,,
36.2879998754,567,1274.0279991834,,,
36.3519998752,568,663.4412881246,,,
36.4159998749,569,2644.2194502081,,,
36.4799998747,570,4234.9614987180,,,
36.5439998745,571,929.2223834732,,,
36.6079998743,572,914.5576051714,,,
36.6719998741,573,832.0501434780,,,
36.7359998738,574,349.0508530797,,,
36.7999998736,575,487.6598298178,,,
36.8639998734,576,1391.0582640148,,,
36.9279998732,577,1065.8642611660,,,
36.9919998730,578,997.2764980061,,,
37.0559998727,579,157.0186144784,,,
37.1199998725,580,5616.1518819638,,,
37.1839998723,581,3569.2904598580,,,
37.2479998721,582,2118.8655825096,,,
37.3119998719,583,10867.5743465083,,,
37.3759998716,584,5054.9151863545,,,
37.4399998714,585,2942.4908929929,,,
37.5039998712,586,470.5358134885,,,
37.5679998710,587,1002.1674360959,,,
37.6319998708,588,1013.9130394215,,,
37.6959998705,589,1542.1827266480,,,
37.7599998703,590,2606.9506490099,,,
37.8239998701,591,2393.6940576346,,,
37.8879998699,592,1793.2016032826,,,
37.9519998697,593,870.2020706628,,,
38.0159998694,594,351.3972064933,,,
38.0799998692,595,530.5773610340,,,
38.1439998690,596,634.1577263850,,,
38.2079998688,597,5036.5390851360,,,
38.2719998686,598,3287.6649613237,,,
38.3359998683,599,2178.5189926235,,,
38.3999998681,600,2090.5625674608,,,
38.4639998679,601,2469.2837950091,,,
38.5279998677,602,1874.9269260534,,,
38.5919998675,603,3211.9850936232,,,
38.6559998672,604,849.3896390519,,,
38.7199998670,605,2303.6003566767,,,
38.7839998668,606,391.9044861161,,,
38.8479998666,607,1045.2830954701,,,
38.9119998664,608,3074.0175131555,,,
38.9759998661,609,836.2057576823,,,
39.0399998659,610,1756.4687995195,,,
39.1039998657,611,2000.5564690843,,,
39.1679998655,612,1140.8602612601,,,
39.2319998653,613,1116.9115005604,,,
39.2959998650,614,1185.6255985425,,,
39.3599998648,615,2042.7336097490,,,
39.4239998646,616,1032.5303642115,,,
39.4879998644,617,841.6351681206,,,
39.5519998642,618,2091.2212454355,,,
39.6159998639,619,6642.7412606188,,,
39.6799998637,620,2801.5345994016,,,
39.7439998635,621,378.8702439527,,,
39.8079998633,622,343.9084629654,,,
39.8719998631,623,238.6427705693,,,
39.9359998628,624,1367.9249435385,,,
39.9999998626,625,1240.9891045968,,,
40.0639998624,626,716.6823527024,,,
40.1279998622,627,751.3876343128,,,
40.1919998620,628,2292.4609718063,,,
40.2559998618,629,3571.6119301974,,,
40.3199998615,630,1368.4223994589,,,
40.3839998613,631,1841.8364997283,,,
40.4479998611,632,500.2919257238,,,
40.5119998609,633,2827.1287058187,,,
40.5759998607,634,1009.6847780592,,,
40.6399998604,635,823.9418114506,,,
40.7039998602,636,1889.9905142369,,,
40.7679998600,637,486.5295595812,,,
40.8319998598,638,552.9653058130,,,
40.8959998596,639,655.3034985419,,,
40.9599998593,640,793.2189467770,,,
41.0239998591,641,1018.4356160192,,,
41.0879998589,642,1263.1768245617,,,
41.1519998587,643,770.9859935160,,,
41.2159998585,644,635.8468999076,,,
41.2799998582,645,624.5003926910,,,
41.3439998580,646,689.0042300068,,,
41.4079998578,647,1102.9198162057,,,
41.4719998576,648,1188.4181372935,,,
41.5359998574,649,602.2442661723,,,
41.5999998571,650,1952.5554240377,,,
41.6639998569,651,1284.9020376676,,,
41.7279998567,652,3924.1109851127,,,
41.7919998565,653,8804.9042971152,,,
41.8559998563,654,11209.4006167565,,,
41.9199998560,655,1271.1557630095,,,
41.9839998558,656,2516.1987906049,,,
42.0479998556,657,259.0728601513,,,
42.1119998554,658,766.3510189832,,,
42.1759998552,659,2110.5420761961,,,
42.2399998549,660,276.0075819371,,,
42.3039998547,661,142.0267311672,,,
42.3679998545,662,1960.5271441298,,,
42.4319998543,663,14379.3983792574,,,
42.4959998541,664,53655.9553403727,,,
42.5599998538,665,9930.8576763107,,,
42.6239998536,666,2333.9742255330,,,
42.6879998534,667,4064.0388133662,,,
42.7519998532,668,661.4529013611,,,
42.8159998530,669,386.2135188413,,,
42.8799998527,670,6122.2680486696,,,
42.9439998525,671,59042.1690194320,,,
43.0079998523,672,121492.0501690571,,,
43.0719998521,673,433278.8278098780,,,
43.1359998519,674,69691.6190809365,,,
43.1999998516,675,7328.5079396967,,,
43.2639998514,676,997.8947388635,,,
43.3279998512,677,3624.1237873918,,,
43.3919998510,678,58124.6606994919,,,
43.4559998508,679,56033.9569500420,,,
43.5199998505,680,156752.0191761173,,,
43.5839998503,681,766051.7981349791,,,
43.6479998501,682,813344.2009166682,,,
43.7119998499,683,134945.9754754505,,,
43.7759998497,684,26704.5150886915,,,
43.8399998494,685,8568.6205433166,,,
43.9039998492,686,3192.6523994413,,,
43.9679998490,687,30643.8048109459,,,
44.0319998488,688,110507.4003042199,,,
44.0959998486,689,500867.2375218967,,,
44.1599998483,690,2138899.6000490473,,,
44.2239998481,691,1187565.0954959006,,,
44.2879998479,692,186461.7301514805,,,
44.3519998477,693,15155.2791627879,,,
44.4159998475,694,7950.4359647092,,,
44.4799998472,695,24130.9845934209,,,
44.5439998470,696,150646.4489901555,,,
44.6079998468,697,19609.8272240794,,,
44.6719998466,698,79065.2809124608,,,
44.7359998464,699,332841.0848792717,,,
44.7999998461,700,450079.1482694832,,,
44.8639998459,701,86621.9689362372,,,
44.9279998457,702,6684.3784249770,,,
44.9919998455,703,7119.0095698352,,,
45.0559998453,704,2704.7650564848,,,
45.1199998450,705,11889.5006565930,,,
45.1839998448,706,63065.5365563119,,,
45.2479998446,707,256081.7256940801,,,
45.3119998444,708,175111.9102995210,,,
45.3759998442,709,51333.1176363896,,,
45.4399998439,710,3164.9206532124,,,
45.5039998437,711,454.8787229760,,,
45.5679998435,712,807.5001302428,,,
45.6319998433,713,341.4151287687,,,
45.6959998431,714,1888.8951264999,,,
45.7599998428,715,8160.8377398900,,,
45.8239998426,716,18478.9563685560,,,
45.8879998424,717,6509.1022824616,,,
45.9519998422,718,12176.1759050478,,,
46.0159998420,719,2907.7445851842,,,
46.0799998417,720,3031.7781407684,,,
46.1439998415,721,1166.4579538807,,,
46.2079998413,722,1666.0574633593,,,
46.2719998411,723,1915.8790412196,,,
46.3359998409,724,2444.8400422360,,,
46.3999998407,725,6069.2988169011,,,
46.4639998404,726,9332.2227423670,,,
46.5279998402,727,2980.8753969666,,,
46.5919998400,728,3016.8184127484,,,
46.6559998398,729,3117.2273916896,,,
46.7199998396,730,2055.6671637370,,,
46.7839998393,731,697.8918989337,,,
46.8479998391,732,3891.0439047487,,,
46.9119998389,733,1435.1779719202,,,
46.9759998387,734,772.0323793535,,,
47.0399998385,735,519.7655500835,,,
47.1039998382,736,3071.2687261874,,,
47.1679998380,737,1140.6234014694,,,
47.2319998378,738,987.7228239466,,,
47.2959998376,739,1573.7590640340,,,
47.3599998374,740,527.5557767905,,,
47.4239998371,741,1173.0088215754,,,
47.4879998369,742,3004.2753029495,,,
47.5519998367,743,629.5633396535,,,
47.6159998365,744,1480.9187421735,,,
47.6799998363,745,1342.5929940551,,,
47.7439998360,746,2621.8283231081,,,
47.8079998358,747,1916.5585217048,,,
47.8719998356,748,1978.1350697554,,,
47.9359998354,749,5898.8032058881,,,
47.9999998352,750,1235.9820817026,,,
48.0639998349,751,1072.8278882057,,,
48.1279998347,752,1855.4335578752,,,
48.1919998345,753,608.5302222048,,,
48.2559998343,754,504.1622805002,,,
48.3199998341,755,1547.0333603865,,,
48.3839998338,756,2450.0002334534,,,
48.4479998336,757,3361.9463711790,,,
48.5119998334,758,3382.9970802251,,,
48.5759998332,759,1678.6512786546,,,
48.6399998330,760,4104.0387238998,,,
48.7039998327,761,2519.8307641365,,,
48.7679998325,762,564.8965877738,,,
48.8319998323,763,880.2614520798,,,
48.8959998321,764,420.9922558330,,,
48.9599998319,765,1975.6035248391,,,
49.0239998316,766,684.1742800724,,,
49.0879998314,767,545.6565012755,,,
49.1519998312,768,276.5159387605,,,
49.2159998310,769,1914.9066637259,,,
49.2799998308,770,2611.8154077329,,,
49.3439998305,771,1729.3995151178,,,
49.4079998303,772,2075.7834197984,,,
49.4719998301,773,1782.3272721938,,,
49.5359998299,774,698.1055993452,,,
49.5999998297,775,3069.8085110989,,,
49.6639998294,776,3601.7312867529,,,
49.7279998292,777,3222.7541371392,,,
49.7919998290,778,576.9677900325,,,
49.8559998288,779,1161.5983943778,,,
49.9199998286,780,2119.7752014200,,,
49.9839998283,781,2546.8646991068,,,
50.0479998281,782,2711.7217997459,,,
50.1119998279,783,153.3144810134,,,
50.1759998277,784,159.9359509248,,,
50.2399998275,785,3483.2466613680,,,
50.3039998272,786,1169.9450405854,,,
50.3679998270,787,1217.8933286951,,,
50.4319998268,788,1623.6226255636,,,
50.4959998266,789,2103.6958440240,,,
50.5599998264,790,1329.5203686904,,,
50.6239998261,791,580.7263698225,,,
50.6879998259,792,826.5638592068,,,
50.7519998257,793,936.6657744350,,,
50.8159998255,794,1427.7556108889,,,
50.8799998253,795,1121.2064528182,,,
50.9439998250,796,2783.1946750412,,,
51.0079998248,797,2508.1497741021,,,
51.0719998246,798,5048.2176933830,,,
51.1359998244,799,759.3794095847,,,
51.1999998242,800,224.2471974692,,,
51.2639998239,801,3129.6604559004,,,
51.3279998237,802,1851.6625189688,,,
51.3919998235,803,995.6265150278,,,
51.4559998233,804,696.2573492870,,,
51.5199998231,805,904.5346226407,,,
51.5839998228,806,1540.0130879701,,,
51.6479998226,807,1310.3494410684,,,
51.7119998224,808,1069.4879663161,,,
51.7759998222,809,6507.8734814754,,,
51.8399998220,810,3523.7152153610,,,
51.9039998217,811,1679.5764830910,,,
51.9679998215,812,705.3657110824,,,
52.0319998213,813,2943.3549785433,,,
52.0959998211,814,1917.7248136390,,,
52.1599998209,815,1467.1983131017,,,
52.2239998206,816,1519.3077540617,,,
52.2879998204,817,1161.1263002777,,,
52.3519998202,818,1001.2431587694,,,
52.4159998200,819,547.9410514220,,,
52.4799998198,820,1975.7942998150,,,
52.5439998196,821,870.7944846398,,,
52.6079998193,822,505.3536905844,,,
52.6719998191,823,1638.4642493148,,,
52.7359998189,824,1241.1623911169,,,
52.7999998187,825,4031.2168811193,,,
52.8639998185,826,717.1091384291,,,
52.9279998182,827,634.4129878294,,,
52.9919998180,828,3923.0999059342,,,
53.0559998178,829,1523.8551350455,,,
53.1199998176,830,715.3971788363,,,
53.1839998174,831,750.3040346620,,,
53.2479998171,832,487.3579300499,,,
53.3119998169,833,241.1976272414,,,
53.3759998167,834,2246.1425225832,,,
53.4399998165,835,3488.9114172213,,,
53.5039998163,836,684.0335784873,,,
53.5679998160,837,341.9186387633,,,
53.6319998158,838,2471.2290087937,,,
53.6959998156,839,1125.7685018507,,,
53.7599998154,840,1601.2659326700,,,
53.8239998152,841,773.3734343889,,,
53.8879998149,842,1179.9300640098,,,
53.9519998147,843,1786.4283811028,,,
54.0159998145,844,2448.1089158897,,,
54.0799998143,845,2208.5341881209,,,
54.1439998141,846,2228.5466611542,,,
54.2079998138,847,4098.2583890081,,,
54.2719998136,848,1885.6785756851,,,
54.3359998134,849,1850.3840290882,,,
54.3999998132,850,1074.3928628072,,,
54.4639998130,851,1442.5261131930,,,
54.5279998127,852,748.7733560592,,,
54.5919998125,853,780.1694289022,,,
54.6559998123,854,353.1306839574,,,
54.7199998121,855,279.7945652233,,,
54.7839998119,856,2440.2289463758,,,
54.8479998116,857,2647.4851612513,,,
54.9119998114,858,672.8772539923,,,
54.9759998112,859,375.4443573020,,,
55.0399998110,860,291.8667137724,,,
55.1039998108,861,1316.1336987447,,,
55.1679998105,862,1657.5092511586,,,
55.2319998103,863,972.0972622787,,,
55.2959998101,864,1043.2481292437,,,
55.3599998099,865,1781.7108717991,,,
55.4239998097,866,2228.1023889316,,,
55.4879998094,867,1980.7102803148,,,
55.5519998092,868,1770.6095207291,,,
55.6159998090,869,863.0551667064,,,
55.6799998088,870,807.8655094534,,,
55.7439998086,871,795.2381186024,,,
55.8079998083,872,4183.2757197968,,,
55.8719998081,873,3525.8377148765,,,
55.9359998079,874,1344.4506117777,,,
55.9999998077,875,872.4055715143,,,
56.0639998075,876,1363.4312611699,,,
56.1279998072,877,2000.3428425333,,,
56.1919998070,878,1565.8294598966,,,
56.2559998068,879,1369.3957099084,,,
56.3199998066,880,1690.9938902856,,,
56.3839998064,881,2154.9967704344,,,
56.4479998061,882,1752.2141671491,,,
56.5119998059,883,2613.7654751334,,,
56.5759998057,884,893.9816054178,,,
56.6399998055,885,3184.1742048064,,,
56.7039998053,886,1360.6208783675,,,
56.7679998050,887,344.8287480685,,,
56.8319998048,888,443.3148048106,,,
56.8959998046,889,655.9476146428,,,
56.9599998044,890,5168.2297836753,,,
57.0239998042,891,1006.7944691917,,,
57.0879998039,892,341.6011758375,,,
57.1519998037,893,647.6149731965,,,
57.2159998035,894,768.6103995813,,,
57.2799998033,895,1651.7876065105,,,
57.3439998031,896,3466.8068201695,,,
57.4079998028,897,2087.6396657509,,,
57.4719998026,898,2514.0028154125,,,
57.5359998024,899,2072.5461066620,,,
57.5999998022,900,2092.1354982912,,,
57.6639998020,901,662.8783672886,,,
57.7279998017,902,1917.4259984680,,,
57.7919998015,903,1271.8801820070,,,
57.8559998013,904,1760.2545977670,,,
57.9199998011,905,719.0180143538,,,
57.9839998009,906,192.7303496863,,,
58.0479998006,907,341.5166174769,,,
58.1119998004,908,1291.0229047993,,,
58.1759998002,909,158.6181307186,,,
58.2399998000,910,897.3510864815,,,
58.3039997998,911,524.5764365828,,,
58.3679997995,912,990.3502718721,,,
58.4319997993,913,321.1645788299,,,
58.4959997991,914,9070.0032574927,,,
58.5599997989,915,6689.3037227095,,,
58.6239997987,916,1038.1829610458,,,
58.6879997985,917,2677.8567142301,,,
58.7519997982,918,4751.0902495645,,,
58.8159997980,919,6208.3325359022,,,
58.8799997978,920,4112.8214795818,,,
58.9439997976,921,1498.5107080796,,,
59.0079997974,922,841.2470681236,,,
59.0719997971,923,2548.8530624310,,,
59.1359997969,924,330.9286228402,,,
59.1999997967,925,517.9569671702,,,
59.2639997965,926,598.8453682232,,,
59.3279997963,927,435.2009905862,,,
59.3919997960,928,2265.3179520366,,,
59.4559997958,929,766.6450288623,,,
59.5199997956,930,659.1770024722,,,
59.5839997954,931,3587.2307400479,,,
59.6479997952,932,72019.7210410119,,,
59.7119997949,933,8088.9718975425,,,
59.7759997947,934,2698.9886267121,,,
59.8399997945,935,2214.3291919465,,,
59.9039997943,936,1216.5635060912,,,
59.9679997941,937,1577.7862470806,,,
60.0319997938,938,4720.0739526721,,,
60.0959997936,939,3632.2472131203,,,
60.1599997934,940,2102.1168307972,,,
60.2239997932,941,802.5375447728,,,
60.2879997930,942,1925.5015407786,,,
60.3519997927,943,648.8344735893,,,
60.4159997925,944,728.0494751019,,,
60.4799997923,945,461.3678166873,,,
60.5439997921,946,75.9219180473,,,
60.6079997919,947,1301.4365786991,,,
60.6719997916,948,13293.7612193363,,,
60.7359997914,949,4732.8237926181,,,
60.7999997912,950,1995.2978321641,,,
60.8639997910,951,519.8837480044,,,
60.9279997908,952,3182.7550613806,,,
60.9919997905,953,1830.1965458580,,,
61.0559997903,954,1008.1367072575,,,
61.1199997901,955,1030.4957177712,,,
61.1839997899,956,1152.2368319208,,,
61.2479997897,957,356.3601459680,,,
61.3119997894,958,275.7814684526,,,
61.3759997892,959,484.8740179379,,,
61.4399997890,960,1946.7155336487,,,
61.5039997888,961,1504.1070575486,,,
61.5679997886,962,1567.3210195832,,,
61.6319997883,963,559.9143689225,,,
61.6959997881,964,884.1982998891,,,
61.7599997879,965,2831.1348200586,,,
61.8239997877,966,2117.9462735507,,,
61.8879997875,967,2430.4190513502,,,
61.9519997872,968,655.9834989311,,,
62.0159997870,969,2205.8485806406,,,
62.0799997868,970,570.6809765416,,,
62.1439997866,971,2249.1136207043,,,
62.2079997864,972,1448.1356777480,,,
62.2719997861,973,1547.0875217289,,,
62.3359997859,974,1114.0163723555,,,
62.3999997857,975,1372.2054054199,,,
62.4639997855,976,2591.6815347567,,,
62.5279997853,977,2577.0132011009,,,
62.5919997850,978,4961.3668599675,,,
62.6559997848,979,448.7029120323,,,
62.7199997846,980,5116.5711953434,,,
62.7839997844,981,220.7801751436,,,
62.8479997842,982,505.4213865091,,,
62.9119997839,983,1038.7833857451,,,
62.9759997837,984,4532.0294766149,,,
63.0399997835,985,1420.9756201323,,,
63.1039997833,986,795.9028370342,,,
63.1679997831,987,1946.9944848531,,,
63.2319997828,988,1553.3215936392,,,
63.2959997826,989,1977.8107995252,,,
63.3599997824,990,3626.5582687226,,,
63.4239997822,991,979.1502906151,,,
63.4879997820,992,247.7034572967,,,
63.5519997817,993,1004.2034185870,,,
63.6159997815,994,1588.6466053976,,,
63.6799997813,995,980.3022056488,,,
63.7439997811,996,268.8729885086,,,
63.8079997809,997,1661.5000911320,,,
63.8719997806,998,7156.5684108964,,,
63.9359997804,999,2350.8359781536,,,
63.9999997802,1000,2547.7075138075,,,
64.0639997800,1001,2027.9204261646,,,
64.1279997798,1002,2194.0739946670,,,
64.1919997795,1003,19240.7651614930,,,
64.2559997793,1004,8890.9651111891,,,
64.3199997791,1005,3950.5406949581,,,
64.3839997789,1006,5416.7135290440,,,
64.4479997787,1007,2781.1682222247,,,
64.5119997784,1008,600.6352357486,,,
64.5759997782,1009,1017.3116489719,,,
64.6399997780,1010,1676.4322506115,,,
64.7039997778,1011,961.3340520083,,,
64.7679997776,1012,2191.0230030728,,,
64.8319997774,1013,1156.3643840762,,,
64.8959997771,1014,1507.0960480326,,,
64.9599997769,1015,126.9304425128,,,
65.0239997767,1016,515.1685080508,,,
65.0879997765,1017,683.1695483008,,,
65.1519997763,1018,607.0654511469,,,
65.2159997760,1019,656.2603331906,,,
65.2799997758,1020,698.6872699434,,,
65.3439997756,1021,2301.2065156561,,,
65.4079997754,1022,1870.0721157693,,,
65.4719997752,1023,1251.7365474092,,,
65.5359997749,1024,1697.8760202542,,,
65.5999997747,1025,3500.6727043777,,,
65.6639997745,1026,794.6883163120,,,
65.7279997743,1027,3425.2180916866,,,
65.7919997741,1028,3706.8644697301,,,
65.8559997738,1029,641.4204610095,,,
65.9199997736,1030,1141.1664476075,,,
65.9839997734,1031,344.3536476571,,,
66.0479997732,1032,288.7113954431,,,
66.1119997730,1033,885.9128824166,,,
66.1759997727,1034,3180.1430438745,,,
66.2399997725,1035,1914.6208635640,,,
66.3039997723,1036,1037.0111616864,,,
66.3679997721,1037,1691.0114736375,,,
66.4319997719,1038,201.3627112632,,,
66.4959997716,1039,1639.8465209383,,,
66.5599997714,1040,124.3835547685,,,
66.6239997712,1041,709.8025435970,,,
66.6879997710,1042,761.0589231321,,,
66.7519997708,1043,457.6237052389,,,
66.8159997705,1044,776.6878177849,,,
66.8799997703,1045,740.4104281213,,,
66.9439997701,1046,570.4144854316,,,
67.0079997699,1047,305.9308482075,,,
67.0719997697,1048,175.9380801967,,,
67.1359997694,1049,1074.8415511520,,,
67.1999997692,1050,390.8160955358,,,
67.2639997690,1051,213.2626406724,,,
67.3279997688,1052,2870.5684607515,,,
67.3919997686,1053,1836.0852330828,,,
67.4559997683,1054,2003.0655199061,,,
67.5199997681,1055,1438.6642998861,,,
67.5839997679,1056,2032.6808347949,,,
67.6479997677,1057,855.9843209277,,,
67.7119997675,1058,2888.2222054676,,,
67.7759997672,1059,310.8779830158,,,
67.8399997670,1060,1854.5034278163,,,
67.9039997668,1061,638.9706496931,,,
67.9679997666,1062,2772.4774021275,,,
68.0319997664,1063,928.5702750390,,,
68.0959997661,1064,487.2398500337,,,
68.1599997659,1065,1900.8640956959,,,
68.2239997657,1066,2346.8953815318,,,
68.2879997655,1067,691.9523430513,,,
68.3519997653,1068,1578.4920206876,,,
68.4159997650,1069,269.9375069770,,,
68.4799997648,1070,620.6071315203,,,
68.5439997646,1071,1150.8969218191,,,
68.6079997644,1072,472.8678703352,,,
68.6719997642,1073,690.5010771650,,,
68.7359997639,1074,865.2736560450,,,
68.7999997637,1075,786.6050322809,,,
68.8639997635,1076,640.7294632952,,,
68.9279997633,1077,666.0346189189,,,
68.9919997631,1078,4670.8666362412,,,
69.0559997628,1079,1467.2013533895,,,
69.1199997626,1080,985.2917513602,,,
69.1839997624,1081,1752.3587677467,,,
69.2479997622,1082,1091.7895028095,,,
69.3119997620,1083,1050.5130852582,,,
69.3759997617,1084,412.4488425747,,,
69.4399997615,1085,147.8945084971,,,
69.5039997613,1086,772.4679408657,,,
69.5679997611,1087,1000.0733456737,,,
69.6319997609,1088,913.3789683025,,,
69.6959997606,1089,530.4731564536,,,
69.7599997604,1090,382.8594136246,,,
69.8239997602,1091,591.7417345470,,,
69.8879997600,1092,266.0307486687,,,
69.9519997598,1093,187.6739889766,,,
70.0159997595,1094,259.7081009538,,,
70.0799997593,1095,806.6691826192,,,
70.1439997591,1096,1342.7335405168,,,
70.2079997589,1097,1515.6572180213,,,
70.2719997587,1098,327.2539883800,,,
70.3359997584,1099,313.5580817792,,,
70.3999997582,1100,3210.1352112044,,,
70.4639997580,1101,1112.8374175468,,,
70.5279997578,1102,1020.0347879795,,,
70.5919997576,1103,1807.7305893710,,,
70.6559997573,1104,1217.4905436368,,,
70.7199997571,1105,2059.9774139793,,,
70.7839997569,1106,666.9638531197,,,
70.8479997567,1107,1480.7901009926,,,
70.9119997565,1108,1011.1144337453,,,
70.9759997563,1109,347.2482520947,,,
71.0399997560,1110,650.7386818105,,,
71.1039997558,1111,665.8210915093,,,
71.1679997556,1112,1015.5673514460,,,
71.2319997554,1113,3254.2307768323,,,
71.2959997552,1114,5272.6291288515,,,
71.3599997549,1115,2255.6669182000,,,
71.4239997547,1116,1450.1609165135,,,
71.4879997545,1117,915.2651656694,,,
71.5519997543,1118,2745.9029418664,,,
71.6159997541,1119,2938.3901162031,,,
71.6799997538,1120,349.9775637297,,,
71.7439997536,1121,343.4909699343,,,
71.8079997534,1122,741.1904099233,,,
71.8719997532,1123,3566.6241053153,,,
71.9359997530,1124,3659.9825092845,,,
71.9999997527,1125,1930.5277178389,,,
72.0639997525,1126,1790.0972652052,,,
72.1279997523,1127,3343.8605454049,,,
72.1919997521,1128,1943.7005765510,,,
72.2559997519,1129,2081.6789433618,,,
72.3199997516,1130,681.5522233772,,,
72.3839997514,1131,724.2164775895,,,
72.4479997512,1132,1350.2207628003,,,
72.5119997510,1133,2072.1366704998,,,
72.5759997508,1134,3905.8399264431,,,
72.6399997505,1135,1737.4101135170,,,
72.7039997503,1136,1513.0564525182,,,
72.7679997501,1137,1141.6378486347,,,
72.8319997499,1138,1666.4434019980,,,
72.8959997497,1139,1249.7500651320,,,
72.9599997494,1140,1803.4178606274,,,
73.0239997492,1141,10399.6748776025,,,
73.0879997490,1142,3738.4497367638,,,
73.1519997488,1143,644.7362215385,,,
73.2159997486,1144,1072.7660323132,,,
73.2799997483,1145,663.2940688633,,,
73.3439997481,1146,3982.4556723440,,,
73.4079997479,1147,2576.8662561748,,,
73.4719997477,1148,379.6350512031,,,
73.5359997475,1149,722.0297075907,,,
73.5999997472,1150,1028.4715100559,,,
73.6639997470,1151,1353.2627183405,,,
73.7279997468,1152,3252.2923570392,,,
73.7919997466,1153,638.7497230331,,,
73.8559997464,1154,1619.3927993390,,,
73.9199997461,1155,3009.1257657901,,,
73.9839997459,1156,2324.1780632547,,,
74.0479997457,1157,645.9805737041,,,
74.1119997455,1158,4184.2141188261,,,
74.1759997453,1159,1749.1545153931,,,
74.2399997450,1160,2123.0306750335,,,
74.3039997448,1161,675.5286242487,,,
74.3679997446,1162,988.1293799013,,,
74.4319997444,1163,1111.2713412784,,,
74.4959997442,1164,2218.1766754232,,,
74.5599997439,1165,2518.9341832606,,,
74.6239997437,1166,1613.9432544217,,,
74.6879997435,1167,2863.5682785053,,,
74.7519997433,1168,2936.7725192442,,,
74.8159997431,1169,1300.5364559306,,,
74.8799997428,1170,4671.5354228273,,,
74.9439997426,1171,1131.9862395529,,,
75.0079997424,1172,836.0126621653,,,
75.0719997422,1173,2143.0361666206,,,
75.1359997420,1174,1184.6240598560,,,
75.1999997417,1175,4321.5375260518,,,
75.2639997415,1176,2059.6345458378,,,
75.3279997413,1177,598.7390819726,,,
75.3919997411,1178,3079.2785559518,,,
75.4559997409,1179,2663.9720713121,,,
75.5199997406,1180,2935.7871323821,,,
75.5839997404,1181,5229.1838593900,,,
75.6479997402,1182,3238.6305350111,,,
75.7119997400,1183,1575.8777261171,,,
75.7759997398,1184,822.8364224247,,,
75.8399997395,1185,1362.6196038757,,,
75.9039997393,1186,1753.2532052413,,,
75.9679997391,1187,1476.8128181100,,,
76.0319997389,1188,2568.1270277822,,,
76.0959997387,1189,2525.9355583285,,,
76.1599997384,1190,334.6572542347,,,
76.2239997382,1191,326.5467862652,,,
76.2879997380,1192,299.7381114717,,,
76.3519997378,1193,1261.9487424924,,,
76.4159997376,1194,1093.1618183795,,,
76.4799997373,1195,1263.4709723191,,,
76.5439997371,1196,2032.7311419789,,,
76.6079997369,1197,4093.9666010870,,,
76.6719997367,1198,4244.4382185929,,,
76.7359997365,1199,2312.2549065526,,,
76.7999997362,1200,797.0288484485,,,
76.8639997360,1201,2512.7425931682,,,
76.9279997358,1202,1418.6336811937,,,
76.9919997356,1203,1380.7542884291,,,
77.0559997354,1204,6666.9247122826,,,
77.1199997352,1205,7335.5422618288,,,
77.1839997349,1206,5898.8454181180,,,
77.2479997347,1207,2625.6532222652,,,
77.3119997345,1208,2686.7041915899,,,
77.3759997343,1209,1073.9733104141,,,
77.4399997341,1210,1592.8623151350,,,
77.5039997338,1211,3335.2127812601,,,
77.5679997336,1212,4676.2037487095,,,
77.6319997334,1213,2936.1505375903,,,
77.6959997332,1214,1738.8037058595,,,
77.7599997330,1215,1443.0773405647,,,
77.8239997327,1216,1743.5423964501,,,
77.8879997325,1217,7927.2052165598,,,
77.9519997323,1218,918.4627043354,,,
78.0159997321,1219,1855.8388201203,,,
78.0799997319,1220,933.5476416143,,,
78.1439997316,1221,3492.1594821747,,,
78.2079997314,1222,3289.3018673941,,,
78.2719997312,1223,2665.4770363830,,,
78.3359997310,1224,1396.7645833252,,,
78.3999997308,1225,2044.4243408667,,,
78.4639997305,1226,5290.3378671229,,,
78.5279997303,1227,2346.4617226516,,,
78.5919997301,1228,1934.0079510845,,,
78.6559997299,1229,1362.8945544086,,,
78.7199997297,1230,2049.1913860812,,,
78.7839997294,1231,649.8219882671,,,
78.8479997292,1232,839.4607506521,,,
78.9119997290,1233,699.3149766206,,,
78.9759997288,1234,1689.0027372062,,,
79.0399997286,1235,3039.3445818198,,,
79.1039997283,1236,2301.7779658252,,,
79.1679997281,1237,3032.5177920512,,,
79.2319997279,1238,2112.3039551320,,,
79.2959997277,1239,2829.5706634757,,,
79.3599997275,1240,2268.7343591276,,,
79.4239997272,1241,3344.5605490988,,,
79.4879997270,1242,3116.7614091258,,,
79.5519997268,1243,1928.5647802040,,,
79.6159997266,1244,847.1804869596,,,
79.6799997264,1245,1185.5104853550,,,
79.7439997261,1246,618.5670503756,,,
79.8079997259,1247,1544.8927397546,,,
79.8719997257,1248,2477.9627380925,,,
79.9359997255,1249,3447.5254912940,,,
79.9999997253,1250,2761.6284947629,,,
80.0639997250,1251,2041.6351892813,,,
80.1279997248,1252,1205.6378958133,,,
80.1919997246,1253,5131.9859525135,,,
80.2559997244,1254,7445.3511021327,,,
80.3199997242,1255,4084.8414094688,,,
80.3839997239,1256,5841.2095654391,,,
80.4479997237,1257,15534.7367405890,,,
80.5119997235,1258,633.0120177504,,,
80.5759997233,1259,913.1477666890,,,
80.6399997231,1260,954.1547218702,,,
80.7039997228,1261,1579.9687954645,,,
80.7679997226,1262,3238.9020027278,,,
80.8319997224,1263,879.8587746865,,,
80.8959997222,1264,1548.5777333688,,,
80.9599997220,1265,1552.7264773397,,,
81.0239997217,1266,2116.4407728529,,,
81.0879997215,1267,744.7335587722,,,
81.1519997213,1268,1141.3243692435,,,
81.2159997211,1269,2606.3091177601,,,
81.2799997209,1270,1923.5382159853,,,
81.3439997206,1271,525.7787505969,,,
81.4079997204,1272,1214.1084498602,,,
81.4719997202,1273,275.2109493369,,,
81.5359997200,1274,5467.9030850022,,,
81.5999997198,1275,3357.8906253877,,,
81.6639997195,1276,776.5624982674,,,
81.7279997193,1277,2352.9725356892,,,
81.7919997191,1278,1342.1990268719,,,
81.8559997189,1279,715.9346032543,,,
81.9199997187,1280,552.0463864246,,,
81.9839997184,1281,1242.9907847584,,,
82.0479997182,1282,998.7509664191,,,
82.1119997180,1283,659.2169175043,,,
82.1759997178,1284,1381.8772140256,,,
82.2399997176,1285,1072.2057499909,,,
82.3039997173,1286,1767.6195597560,,,
82.3679997171,1287,990.0879546960,,,
82.4319997169,1288,2098.5308588990,,,
82.4959997167,1289,1622.6981056586,,,
82.5599997165,1290,2342.4216510132,,,
82.6239997162,1291,1408.6199442432,,,
82.6879997160,1292,532.8623010398,,,
82.7519997158,1293,2242.2103885484,,,
82.8159997156,1294,3687.6751064622,,,
82.8799997154,1295,5019.8434067497,,,
82.9439997151,1296,1042.0791722532,,,
83.0079997149,1297,432.8222542565,,,
83.0719997147,1298,2486.4913980466,,,
83.1359997145,1299,3171.7109033706,,,
83.1999997143,1300,1625.3217612923,,,
83.2639997141,1301,1003.1247808065,,,
83.3279997138,1302,1509.5396284023,,,
83.3919997136,1303,1121.4747735971,,,
83.4559997134,1304,527.0252449196,,,
83.5199997132,1305,1205.5535254369,,,
83.5839997130,1306,1032.9944228332,,,
83.6479997127,1307,2629.3939600465,,,
83.7119997125,1308,3046.7208233786,,,
83.7759997123,1309,993.0677821024,,,
83.8399997121,1310,2159.6689516176,,,
83.9039997119,1311,2394.5668346699,,,
83.9679997116,1312,1287.4417178230,,,
84.0319997114,1313,2036.9792124275,,,
84.0959997112,1314,2411.2980686465,,,
84.1599997110,1315,1857.1189083906,,,
84.2239997108,1316,4152.4528287857,,,
84.2879997105,1317,4272.5738736735,,,
84.3519997103,1318,1347.1639786602,,,
84.4159997101,1319,1165.4859987949,,,
84.4799997099,1320,688.7700658003,,,
84.5439997097,1321,3568.6396262212,,,
84.6079997094,1322,2379.3743912211,,,
84.6719997092,1323,3559.3628424261,,,
84.7359997090,1324,2458.7138881678,,,
84.7999997088,1325,1631.7704330808,,,
84.8639997086,1326,2348.8541629550,,,
84.9279997083,1327,2055.5997717657,,,
84.9919997081,1328,1828.8642243170,,,
85.0559997079,1329,3128.2923297808,,,
85.1199997077,1330,4747.7630795252,,,
85.1839997075,1331,666.2416305933,,,
85.2479997072,1332,1299.4368846612,,,
85.3119997070,1333,3552.1482788634,,,
85.3759997068,1334,884.3117041687,,,
85.4399997066,1335,2238.0892866440,,,
85.5039997064,1336,2062.8277246779,,,
85.5679997061,1337,1907.3582210574,,,
85.6319997059,1338,1566.9768702012,,,
85.6959997057,1339,805.1073747707,,,
85.7599997055,1340,102.9424574325,,,
85.8239997053,1341,506.3926431333,,,
85.8879997050,1342,333.7580863839,,,
85.9519997048,1343,1111.0285911029,,,
86.0159997046,1344,2117.6930056606,,,
86.0799997044,1345,1041.1272268781,,,
86.1439997042,1346,573.4690168575,,,
86.2079997039,1347,766.8977805107,,,
86.2719997037,1348,465.9699582000,,,
86.3359997035,1349,1001.7243332256,,,
86.3999997033,1350,1054.0595701880,,,
86.4639997031,1351,529.0070795186,,,
86.5279997028,1352,783.3640663879,,,
86.5919997026,1353,2054.7466067488,,,
86.6559997024,1354,1376.3931536721,,,
86.7199997022,1355,585.1993530000,,,
86.7839997020,1356,2063.6004069610,,,
86.8479997017,1357,1233.9307958365,,,
86.9119997015,1358,1897.4892916457,,,
86.9759997013,1359,1640.3246257897,,,
87.0399997011,1360,3137.7824368056,,,
87.1039997009,1361,1135.1560157223,,,
87.1679997006,1362,1332.5429318545,,,
87.2319997004,1363,674.4743783769,,,
87.2959997002,1364,685.9970826700,,,
87.3599997000,1365,1229.2045631725,,,
87.4239996998,1366,1157.5474975206,,,
87.4879996995,1367,4193.9262187520,,,
87.5519996993,1368,2708.1103033973,,,
87.6159996991,1369,523.6879439160,,,
87.6799996989,1370,1449.1401102196,,,
87.7439996987,1371,1418.8600556463,,,
87.8079996984,1372,1622.2146327415,,,
87.8719996982,1373,188.5108190377,,,
87.9359996980,1374,1621.5022527953,,,
87.9999996978,1375,2019.3154125121,,,
88.0639996976,1376,853.5341839298,,,
88.1279996973,1377,1412.5696879971,,,
88.1919996971,1378,963.4486909128,,,
88.2559996969,1379,2853.9350737775,,,
88.3199996967,1380,1229.5222094628,,,
88.3839996965,1381,2831.0496854498,,,
88.4479996962,1382,1191.8467352437,,,
88.5119996960,1383,1802.0626363661,,,
88.5759996958,1384,4707.3725370447,,,
88.6399996956,1385,862.5546567554,,,
88.7039996954,1386,3621.4895790693,,,
88.7679996951,1387,3787.5931415954,,,
88.8319996949,1388,2927.0521687568,,,
88.8959996947,1389,2956.2681059079,,,
88.9599996945,1390,4177.6425742477,,,
89.0239996943,1391,3086.5982762817,,,
89.0879996940,1392,5591.3114115283,,,
89.1519996938,1393,6946.1451905151,,,
89.2159996936,1394,1764.6450216777,,,
89.2799996934,1395,2043.7535009019,,,
89.3439996932,1396,935.2238768407,,,
89.4079996930,1397,958.0227051562,,,
89.4719996927,1398,913.1502258741,,,
89.5359996925,1399,697.6255971687,,,
89.5999996923,1400,1249.7346557821,,,
89.6639996921,1401,1170.2769600579,,,
89.7279996919,1402,2872.7848873503,,,
89.7919996916,1403,717.0038978740,,,
89.8559996914,1404,460.8092419078,,,
89.9199996912,1405,2096.8001230996,,,
89.9839996910,1406,1549.9657131201,,,
90.0479996908,1407,762.9994575845,,,
90.1119996905,1408,1768.0819508441,,,
90.1759996903,1409,1252.0890493766,,,
90.2399996901,1410,777.5472264081,,,
90.3039996899,1411,974.6594010425,,,
90.3679996897,1412,894.7078285437,,,
90.4319996894,1413,285.9739903244,,,
90.4959996892,1414,2303.2344536773,,,
90.5599996890,1415,866.5488254214,,,
90.6239996888,1416,1075.2443494302,,,
90.6879996886,1417,603.0185203220,,,
90.7519996883,1418,954.5373443773,,,
90.8159996881,1419,716.0826443509,,,
90.8799996879,1420,4450.7442443940,,,
90.9439996877,1421,832.5511276636,,,
91.0079996875,1422,1605.5988370643,,,
91.0719996872,1423,2250.3135256811,,,
91.1359996870,1424,1912.8645706476,,,
91.1999996868,1425,863.9154430102,,,
91.2639996866,1426,904.2286530679,,,
91.3279996864,1427,1021.9047840917,,,
91.3919996861,1428,1246.1477636956,,,
91.4559996859,1429,749.6241095936,,,
91.5199996857,1430,610.3914593898,,,
91.5839996855,1431,2625.4173866397,,,
91.6479996853,1432,2078.4065977324,,,
91.7119996850,1433,840.0773219259,,,
91.7759996848,1434,548.2650270660,,,
91.8399996846,1435,292.8076394166,,,
91.9039996844,1436,457.2352766398,,,
91.9679996842,1437,302.9887626988,,,
92.0319996839,1438,1585.3650011839,,,
92.0959996837,1439,663.5504312089,,,
92.1599996835,1440,1403.3132398365,,,
92.2239996833,1441,518.5351852880,,,
92.2879996831,1442,1210.8790372312,,,
92.3519996828,1443,1763.1023104216,,,
92.4159996826,1444,938.6027792143,,,
92.4799996824,1445,1232.8942619368,,,
92.5439996822,1446,301.5232320191,,,
92.6079996820,1447,589.5746966529,,,
92.6719996817,1448,1378.2969606660,,,
92.7359996815,1449,3338.3986293357,,,
92.7999996813,1450,577.5303480227,,,
92.8639996811,1451,416.2020137281,,,
92.9279996809,1452,165.7016156588,,,
92.9919996806,1453,816.7741405333,,,
93.0559996804,1454,201.1061454714,,,
93.1199996802,1455,390.5535651533,,,
93.1839996800,1456,274.9090236432,,,
93.2479996798,1457,48.1842893121,,,
93.3119996795,1458,1432.5935590586,,,
93.3759996793,1459,1378.7215311708,,,
93.4399996791,1460,1177.6460402047,,,
93.5039996789,1461,1466.6885588523,,,
93.5679996787,1462,591.0054551229,,,
93.6319996784,1463,797.7579729977,,,
93.6959996782,1464,1173.2978401937,,,
93.7599996780,1465,634.2981843865,,,
93.8239996778,1466,1607.1071096699,,,
93.8879996776,1467,918.7504280042,,,
93.9519996773,1468,896.4424046620,,,
94.0159996771,1469,88.0515366636,,,
94.0799996769,1470,533.2662355367,,,
94.1439996767,1471,2323.2038736383,,,
94.2079996765,1472,1628.3379101602,,,
94.2719996762,1473,1627.5621148379,,,
94.3359996760,1474,2458.2606147975,,,
94.3999996758,1475,1480.4667332086,,,
94.4639996756,1476,1125.8368263368,,,
94.5279996754,1477,383.7931300708,,,
94.5919996751,1478,1035.1017258683,,,
94.6559996749,1479,1210.4225035272,,,
94.7199996747,1480,2596.2348915826,,,
94.7839996745,1481,3374.4127093025,,,
94.8479996743,1482,1516.5985126235,,,
94.9119996740,1483,1785.4520812290,,,
94.9759996738,1484,1365.3364823952,,,
95.0399996736,1485,1488.5200703135,,,
95.1039996734,1486,408.5681838823,,,
95.1679996732,1487,785.3313460410,,,
95.2319996729,1488,2479.6860947508,,,
95.2959996727,1489,782.8597866318,,,
95.3599996725,1490,842.0327191679,,,
95.4239996723,1491,2600.9223232169,,,
95.4879996721,1492,1096.2670981270,,,
95.5519996719,1493,2146.2150933518,,,
95.6159996716,1494,957.8496960487,,,
95.6799996714,1495,1174.4168530028,,,
95.7439996712,1496,277.0104683867,,,
95.8079996710,1497,529.4287809026,,,
95.8719996708,1498,1107.5852337864,,,
95.9359996705,1499,2116.0456388418,,,
95.9999996703,1500,570.6228283161,,,
96.0639996701,1501,588.0920357431,,,
96.1279996699,1502,1385.6263740308,,,
96.1919996697,1503,2912.9619362733,,,
96.2559996694,1504,2778.1166869635,,,
96.3199996692,1505,1096.9506499891,,,
96.3839996690,1506,832.7388601207,,,
96.4479996688,1507,994.3375057994,,,
96.5119996686,1508,955.8514775899,,,
96.5759996683,1509,977.4317668538,,,
96.6399996681,1510,23.3971937760,,,
96.7039996679,1511,214.6746035410,,,
96.7679996677,1512,316.4041968161,,,
96.8319996675,1513,286.9352514649,,,
96.8959996672,1514,866.9736122585,,,
96.9599996670,1515,556.2507723552,,,
97.0239996668,1516,369.5221064085,,,
97.0879996666,1517,876.0489543837,,,
97.1519996664,1518,1188.6886556121,,,
97.2159996661,1519,651.8909624525,,,
97.2799996659,1520,1937.0029541082,,,
97.3439996657,1521,611.7411309418,,,
97.4079996655,1522,843.7066062482,,,
97.4719996653,1523,4273.1889275056,,,
97.5359996650,1524,913.5741571375,,,
97.5999996648,1525,49.3943995679,,,
97.6639996646,1526,1740.8650557020,,,
97.7279996644,1527,1298.2767681398,,,
97.7919996642,1528,986.6894341092,,,
97.8559996639,1529,676.7446530542,,,
97.9199996637,1530,1085.3977817231,,,
97.9839996635,1531,539.9583493442,,,
98.0479996633,1532,167.5412836887,,,
98.1119996631,1533,310.7649141887,,,
98.1759996628,1534,405.7226868067,,,
98.2399996626,1535,2646.6549124174,,,
98.3039996624,1536,1981.6841984961,,,
98.3679996622,1537,2559.1996891649,,,
98.4319996620,1538,2390.4597406736,,,
98.4959996617,1539,2008.9894424176,,,
98.5599996615,1540,2838.8549859339,,,
98.6239996613,1541,454.8251426980,,,
98.6879996611,1542,771.4915112107,,,
98.7519996609,1543,828.7834833071,,,
98.8159996606,1544,1382.8285563810,,,
98.8799996604,1545,225.0804629308,,,
98.9439996602,1546,174.4100009099,,,
99.0079996600,1547,1467.1668667157,,,
99.0719996598,1548,1739.6750228869,,,
99.1359996595,1549,570.0689208752,,,
99.1999996593,1550,2992.2613445684,,,
99.2639996591,1551,905.9728014938,,,
99.3279996589,1552,131.5950666496,,,
99.3919996587,1553,226.3715663569,,,
99.4559996584,1554,372.7489808239,,,
99.5199996582,1555,424.5253154218,,,
99.5839996580,1556,76.4541709271,,,
99.6479996578,1557,450.8880949011,,,
99.7119996576,1558,418.7188952195,,,
99.7759996573,1559,246.6797084219,,,
99.8399996571,1560,1236.5876657002,,,
99.9039996569,1561,1987.1006663516,,,
99.9679996567,1562,632.0949973419,,,
100.0319996565,1563,3821.9720198144,,,
100.0959996562,1564,1393.9428780732,,,
100.1599996560,1565,1298.1546986845,,,
100.2239996558,1566,3245.0784289243,,,
100.2879996556,1567,3991.5470438330,,,
100.3519996554,1568,1749.8557558453,,,
100.4159996551,1569,1652.8345217198,,,
100.4799996549,1570,804.7112748106,,,
100.5439996547,1571,183.8623635594,,,
100.6079996545,1572,1969.5992527688,,,
100.6719996543,1573,2272.6001580533,,,
100.7359996540,1574,1615.2813908868,,,
100.7999996538,1575,1856.2428905168,,,
100.8639996536,1576,993.9210927222,,,
100.9279996534,1577,1457.6264490323,,,
100.9919996532,1578,370.9544443941,,,
101.0559996529,1579,2154.8105405037,,,
101.1199996527,1580,161.8796209011,,,
101.1839996525,1581,1412.9277054991,,,
101.2479996523,1582,1175.9620607330,,,
101.3119996521,1583,1622.0159590213,,,
101.3759996518,1584,1026.7614921871,,,
101.4399996516,1585,2863.5152422318,,,
101.5039996514,1586,806.0571618108,,,
101.5679996512,1587,26372.6778195288,,,
101.6319996510,1588,14165.2268428291,,,
101.6959996508,1589,4735.7034676886,,,
101.7599996505,1590,1788.2018416617,,,
101.8239996503,1591,1144.9230264117,,,
101.8879996501,1592,1157.7905161386,,,
101.9519996499,1593,2634.1275592022,,,
102.0159996497,1594,1466.3937032234,,,
102.0799996494,1595,558.9649127430,,,
102.1439996492,1596,2586.4195171327,,,
102.2079996490,1597,462.6267964377,,,
102.2719996488,1598,1599.9445567616,,,
102.3359996486,1599,1562.0616530390,,,
102.3999996483,1600,1391.5233655717,,,
102.4639996481,1601,3003.6488990114,,,
102.5279996479,1602,770.7885448059,,,
102.5919996477,1603,447.6871429340,,,
102.6559996475,1604,845.5363091370,,,
102.7199996472,1605,1894.9338842609,,,
102.7839996470,1606,2263.3319452834,,,
102.8479996468,1607,1934.8764171309,,,
102.9119996466,1608,3612.0167898112,,,
102.9759996464,1609,5238.6246702746,,,
103.0399996461,1610,1400.6811714424,,,
103.1039996459,1611,1604.8827277108,,,
103.1679996457,1612,1744.4837371446,,,
103.2319996455,1613,135.6439962851,,,
103.2959996453,1614,759.6753725812,,,
103.3599996450,1615,2054.0580255591,,,
103.4239996448,1616,2034.4076319157,,,
103.4879996446,1617,946.0589746792,,,
103.5519996444,1618,1502.7557983316,,,
103.6159996442,1619,1336.0332063113,,,
103.6799996439,1620,129.4329718687,,,
103.7439996437,1621,3567.7409599548,,,
103.8079996435,1622,3409.1581831832,,,
103.8719996433,1623,2221.3238263842,,,
103.9359996431,1624,1832.5374205049,,,
103.9999996428,1625,2019.3301342893,,,
104.0639996426,1626,682.9736716308,,,
104.1279996424,1627,578.9745972675,,,
104.1919996422,1628,1440.7683308395,,,
104.2559996420,1629,842.8495472965,,,
104.3199996417,1630,2268.0225104948,,,
104.3839996415,1631,842.6574990171,,,
104.4479996413,1632,1694.6237808318,,,
104.5119996411,1633,681.5928190969,,,
104.5759996409,1634,3363.7181795847,,,
104.6399996406,1635,2237.6099495792,,,
104.7039996404,1636,3386.4078339969,,,
104.7679996402,1637,519.6991076872,,,
104.8319996400,1638,960.3565997349,,,
104.8959996398,1639,1024.1409605422,,,
104.9599996395,1640,1189.2273711195,,,
105.0239996393,1641,455.3659740725,,,
105.0879996391,1642,448.6023100012,,,
105.1519996389,1643,2889.7088614857,,,
105.2159996387,1644,3406.4970137718,,,
105.2799996384,1645,1079.8368229007,,,
105.3439996382,1646,2130.9943804692,,,
105.4079996380,1647,2520.9413792962,,,
105.4719996378,1648,2177.8282438587,,,
105.5359996376,1649,1149.7168756129,,,
105.5999996373,1650,1626.8707940874,,,
105.6639996371,1651,1536.3016243180,,,
105.7279996369,1652,1667.1731759347,,,
105.7919996367,1653,1212.0968770475,,,
105.8559996365,1654,1819.8319471655,,,
105.9199996362,1655,615.3426959715,,,
105.9839996360,1656,2012.0787121184,,,
106.0479996358,1657,3200.6747991065,,,
106.1119996356,1658,1443.4323975012,,,
106.1759996354,1659,3358.4058881024,,,
106.2399996351,1660,3937.0564560033,,,
106.3039996349,1661,1727.7558739666,,,
106.3679996347,1662,1202.3306158748,,,
106.4319996345,1663,2548.2969629135,,,
106.4959996343,1664,2011.1081860881,,,
106.5599996340,1665,1633.3805889526,,,
106.6239996338,1666,2841.1966834263,,,
106.6879996336,1667,1970.9776284883,,,
106.7519996334,1668,771.5352917261,,,
106.8159996332,1669,1253.9249353915,,,
106.8799996329,1670,2627.7181244879,,,
106.9439996327,1671,1168.7628979389,,,
107.0079996325,1672,702.5492712485,,,
107.0719996323,1673,1373.9606021147,,,
107.1359996321,1674,2807.3670356497,,,
107.1999996318,1675,3524.0519659011,,,
107.2639996316,1676,1754.3433720605,,,
107.3279996314,1677,1587.1431934951,,,
107.3919996312,1678,3692.8727537958,,,
107.4559996310,1679,2394.4022160360,,,
107.5199996307,1680,2839.5564098451,,,
107.5839996305,1681,2006.7520356925,,,
107.6479996303,1682,1666.5426930901,,,
107.7119996301,1683,3290.3936601044,,,
107.7759996299,1684,2906.3890234732,,,
107.8399996297,1685,1264.4004775874,,,
107.9039996294,1686,2431.7073435617,,,
107.9679996292,1687,1813.5105026220,,,
108.0319996290,1688,6680.5892270009,,,
108.0959996288,1689,2754.9543268957,,,
108.1599996286,1690,3655.3424743678,,,
108.2239996283,1691,1788.7366341796,,,
108.2879996281,1692,1398.3802716446,,,
108.3519996279,1693,2455.2619967327,,,
108.4159996277,1694,1377.5886402133,,,
108.4799996275,1695,1975.0377773770,,,
108.5439996272,1696,1596.9772817437,,,
108.6079996270,1697,1101.3417478876,,,
108.6719996268,1698,1035.8005428308,,,
108.7359996266,1699,2088.2861085102,,,
108.7999996264,1700,1670.7551780694,,,
108.8639996261,1701,1995.0165294766,,,
108.9279996259,1702,1170.1182045626,,,
108.9919996257,1703,356.9777834747,,,
109.0559996255,1704,2011.0594795843,,,
109.1199996253,1705,1021.8783540200,,,
109.1839996250,1706,1743.2985266775,,,
109.2479996248,1707,989.6841813963,,,
109.3119996246,1708,529.0741529026,,,
109.3759996244,1709,2657.8176871711,,,
109.4399996242,1710,4664.0812991346,,,
109.5039996239,1711,2715.0228634796,,,
109.5679996237,1712,1125.9004509228,,,
109.6319996235,1713,280.9406856528,,,
109.6959996233,1714,2356.2865303567,,,
109.7599996231,1715,1301.5685797948,,,
109.8239996228,1716,1650.8959120050,,,
109.8879996226,1717,1408.0409079747,,,
109.9519996224,1718,811.1668510386,,,
110.0159996222,1719,2537.3010136019,,,
110.0799996220,1720,1031.8353538133,,,
110.1439996217,1721,1205.5348879146,,,
110.2079996215,1722,3258.7120157626,,,
110.2719996213,1723,379.9654766114,,,
110.3359996211,1724,2698.9184357296,,,
110.3999996209,1725,3036.8446989811,,,
110.4639996206,1726,558.7784525120,,,
110.5279996204,1727,177.7330087566,,,
110.5919996202,1728,2248.4697529170,,,
110.6559996200,1729,1162.4736249553,,,
110.7199996198,1730,2416.4394415881,,,
110.7839996195,1731,1163.8630600467,,,
110.8479996193,1732,2229.4028512385,,,
110.9119996191,1733,576.7010323294,,,
110.9759996189,1734,651.4395334981,,,
111.0399996187,1735,1321.3080997647,,,
111.1039996184,1736,577.2417060500,,,
111.1679996182,1737,367.1128987685,,,
111.2319996180,1738,141.4488297708,,,
111.2959996178,1739,48.3676078127,,,
111.3599996176,1740,659.5837726036,,,
111.4239996173,1741,612.9783856151,,,
111.4879996171,1742,75.3724102312,,,
111.5519996169,1743,218.0448539618,,,
111.6159996167,1744,858.3401666933,,,
111.6799996165,1745,2327.3259871259,,,
111.7439996162,1746,106.3447708701,,,
111.8079996160,1747,152.7495815540,,,
111.8719996158,1748,2615.2344992028,,,
111.9359996156,1749,1490.0648740618,,,
111.9999996154,1750,582.3004809547,,,
112.0639996151,1751,1468.1270146260,,,
112.1279996149,1752,1159.8646354210,,,
112.1919996147,1753,1666.3200115785,,,
112.2559996145,1754,595.8459579810,,,
112.3199996143,1755,1319.2766972653,,,
112.3839996140,1756,1256.1603194411,,,
112.4479996138,1757,879.7955680919,,,
112.5119996136,1758,676.6687221705,,,
112.5759996134,1759,1623.3735026523,,,
112.6399996132,1760,1176.6113200386,,,
112.7039996129,1761,3433.2949818053,,,
112.7679996127,1762,2426.5784221692,,,
112.8319996125,1763,937.8861408134,,,
112.8959996123,1764,1928.3518522193,,,
112.9599996121,1765,1495.7390524152,,,
113.0239996118,1766,1775.0203983019,,,
113.0879996116,1767,772.5841028296,,,
113.1519996114,1768,661.0825893274,,,
113.2159996112,1769,3305.5377258812,,,
113.2799996110,1770,679.9795296950,,,
113.3439996107,1771,907.2287780554,,,
113.4079996105,1772,555.1206955670,,,
113.4719996103,1773,742.3842827602,,,
113.5359996101,1774,893.8957005239,,,
113.5999996099,1775,390.7092432751,,,
113.6639996096,1776,592.7672274789,,,
113.7279996094,1777,1877.6337250757,,,
113.7919996092,1778,827.3133040479,,,
113.8559996090,1779,1115.5748731934,,,
113.9199996088,1780,606.4378787697,,,
113.9839996086,1781,1410.6694865328,,,
114.0479996083,1782,1134.0633366971,,,
114.1119996081,1783,465.1928460839,,,
114.1759996079,1784,107.7453176745,,,
114.2399996077,1785,708.0120547101,,,
114.3039996075,1786,1297.9240671552,,,
114.3679996072,1787,818.5171538433,,,
114.4319996070,1788,296.3849414681,,,
114.4959996068,1789,647.3126297842,,,
114.5599996066,1790,806.3679368157,,,
114.6239996064,1791,1954.0328058812,,,
114.6879996061,1792,3276.5546372059,,,
114.7519996059,1793,4875.1039878019,,,
114.8159996057,1794,1023.0194038955,,,
114.8799996055,1795,173.4303197460,,,
114.9439996053,1796,714.2939301581,,,
115.0079996050,1797,1037.4581914873,,,
115.0719996048,1798,2254.2323935575,,,
115.1359996046,1799,2481.7519837979,,,
115.1999996044,1800,2665.2169236848,,,
115.2639996042,1801,16939.7719178646,,,
115.3279996039,1802,4686.9817133509,,,
115.3919996037,1803,4954.3059727896,,,
115.4559996035,1804,4350.9690628933,,,
115.5199996033,1805,150.3938362786,,,
115.5839996031,1806,669.4482456321,,,
115.6479996028,1807,2113.6747105614,,,
115.7119996026,1808,4140.4387715257,,,
115.7759996024,1809,13840.9196706039,,,
115.8399996022,1810,23758.2295378599,,,
115.9039996020,1811,10165.3842773184,,,
115.9679996017,1812,1910.7967396935,,,
116.0319996015,1813,1067.5169982608,,,
116.0959996013,1814,752.4685520132,,,
116.1599996011,1815,11866.3126715743,,,
116.2239996009,1816,28725.1376957342,,,
116.2879996006,1817,74160.8124232642,,,
116.3519996004,1818,247486.5889918948,,,
116.4159996002,1819,123312.4650656224,,,
116.4799996000,1820,17876.0175178665,,,
116.5439995998,1821,1440.8039582206,,,
116.6079995995,1822,2981.2027605019,,,
116.6719995993,1823,873.2585335418,,,
116.7359995991,1824,18334.1553652599,,,
116.7999995989,1825,102860.2265499387,,,
116.8639995987,1826,823888.2219177720,,,
116.9279995984,1827,383513.3736242201,,,
116.9919995982,1828,164134.2414341315,,,
117.0559995980,1829,25414.8920355974,,,
117.1199995978,1830,4325.7838740137,,,
117.1839995976,1831,1666.0106762763,,,
117.2479995973,1832,32069.3862644950,,,
117.3119995971,1833,530706.7652888811,,,
117.3759995969,1834,77874.1117094966,,,
117.4399995967,1835,855737.6636809807,,,
117.5039995965,1836,2995001.7290639239,,,
117.5679995962,1837,1352823.1626488729,,,
117.6319995960,1838,264807.9834856089,,,
117.6959995958,1839,22321.8773597525,,,
117.7599995956,1840,2426.7619825580,,,
117.8239995954,1841,1734.4508063324,,,
117.8879995951,1842,104073.9952925713,,,
117.9519995949,1843,316441.3689200334,,,
118.0159995947,1844,1318008.6424243555,,,
118.0799995945,1845,635255.9792770200,,,
118.1439995943,1846,385172.0272263137,,,
118.2079995940,1847,92377.1330735470,,,
118.2719995938,1848,11077.9958531481,,,
118.3359995936,1849,4823.6889536113,,,
118.3999995934,1850,25665.3422343373,,,
118.4639995932,1851,160882.0460275030,,,
118.5279995929,1852,191774.9809603866,,,
118.5919995927,1853,159009.0617605319,,,
118.6559995925,1854,349778.1419440152,,,
118.7199995923,1855,78939.7396765711,,,
118.7839995921,1856,5391.9628169393,,,
118.8479995918,1857,7012.5782760387,,,
118.9119995916,1858,2235.2922933433,,,
118.9759995914,1859,15097.3669212544,,,
119.0399995912,1860,37217.2032796623,,,
119.1039995910,1861,49551.1696054642,,,
119.1679995907,1862,35216.3641798461,,,
119.2319995905,1863,81502.5612550680,,,
119.2959995903,1864,16843.4732247644,,,
119.3599995901,1865,3515.0290507255,,,
119.4239995899,1866,452.4880790994,,,
119.4879995896,1867,1592.9157901112,,,
119.5519995894,1868,1441.9826266639,,,
119.6159995892,1869,456.4552077951,,,
119.6799995890,1870,1179.0558541614,,,
119.7439995888,1871,16614.2357467644,,,
119.8079995885,1872,29116.8478346788,,,
119.8719995883,1873,11757.5449647305,,,
119.9359995881,1874,2304.0368968632,,,
119.9999995879,1875,1538.1611394838,,,
120.0639995877,1876,1045.3017627836,,,
120.1279995875,1877,2103.1522982138,,,
120.1919995872,1878,3102.1220933475,,,
120.2559995870,1879,1667.2482840548,,,
120.3199995868,1880,2888.2706462258,,,
120.3839995866,1881,21622.4772655163,,,
120.4479995864,1882,23050.6385727434,,,
120.5119995861,1883,5962.0147679425,,,
120.5759995859,1884,2093.8743858289,,,
120.6399995857,1885,1582.6381591959,,,
120.7039995855,1886,1206.4641915212,,,
120.7679995853,1887,452.2706629268,,,
120.8319995850,1888,520.1014867219,,,
120.8959995848,1889,1229.8545896247,,,
120.9599995846,1890,1904.0798611663,,,
121.0239995844,1891,33597.4708069470,,,
121.0879995842,1892,5685.2156837943,,,
121.1519995839,1893,172.9997015355,,,
121.2159995837,1894,607.9842754378,,,
121.2799995835,1895,2911.3247302655,,,
121.3439995833,1896,21415.5045047787,,,
121.4079995831,1897,8198.4105342164,,,
121.4719995828,1898,8052.3728070493,,,
121.5359995826,1899,1839.9475517204,,,
121.5999995824,1900,914.2859237618,,,
121.6639995822,1901,151509.6120140423,,,
121.7279995820,1902,143322.6456706357,,,
121.7919995817,1903,9088.0328154863,,,
121.8559995815,1904,22218.2111130388,,,
121.9199995813,1905,8085.0879582799,,,
121.9839995811,1906,439.0053614073,,,
122.0479995809,1907,836.5892266346,,,
122.1119995806,1908,3798.3460085057,,,
122.1759995804,1909,834.3604868271,,,
122.2399995802,1910,1489.7996771796,,,
122.3039995800,1911,1119.5901155432,,,
122.3679995798,1912,2222.6094716478,,,
122.4319995795,1913,2718.7232675755,,,
122.4959995793,1914,2318.9927882667,,,
122.5599995791,1915,2649.9472146542,,,
122.6239995789,1916,531.3374382867,,,
122.6879995787,1917,458.3353605661,,,
122.7519995784,1918,516.8464065016,,,
122.8159995782,1919,1466.0840134693,,,
122.8799995780,1920,569.7863127121,,,
122.9439995778,1921,644.6882657022,,,
123.0079995776,1922,837.2174415972,,,
123.0719995773,1923,1965.0855614070,,,
123.1359995771,1924,749.6355668854,,,
123.1999995769,1925,852.7929258665,,,
123.2639995767,1926,1427.5964900734,,,
123.3279995765,1927,65248.8042370895,,,
123.3919995762,1928,17141.2687265765,,,
123.4559995760,1929,2048.4643842574,,,
123.5199995758,1930,31959.8667560757,,,
123.5839995756,1931,4409.2478474535,,,
123.6479995754,1932,4461.4878539556,,,
123.7119995751,1933,2575.1292616913,,,
123.7759995749,1934,1771.9846632443,,,
123.8399995747,1935,4481.1054263691,,,
123.9039995745,1936,1958.5224053946,,,
123.9679995743,1937,339.5184048561,,,
124.0319995740,1938,944.1736620103,,,
124.0959995738,1939,450.4233764478,,,
124.1599995736,1940,981.3487160411,,,
124.2239995734,1941,763.9904242098,,,
124.2879995732,1942,1444.8276085340,,,
124.3519995729,1943,1289.7694102384,,,
124.4159995727,1944,1443.9835046006,,,
124.4799995725,1945,737.4138177053,,,
124.5439995723,1946,1261.0630152531,,,
124.6079995721,1947,846.4633350707,,,
124.6719995718,1948,872.1904017826,,,
124.7359995716,1949,569.6237193538,,,
124.7999995714,1950,647.1030535701,,,
124.8639995712,1951,316.5708732798,,,
124.9279995710,1952,651.3507491158,,,
124.9919995707,1953,1227.0595559900,,,
125.0559995705,1954,2932.7369053818,,,
125.1199995703,1955,384.5798032695,,,
125.1839995701,1956,2284.6284937836,,,
125.2479995699,1957,4716.2690219850,,,
125.3119995696,1958,3761.7744441342,,,
125.3759995694,1959,491.5930492045,,,
125.4399995692,1960,403.3809764936,,,
125.5039995690,1961,1779.6418980986,,,
125.5679995688,1962,2062.5000760790,,,
125.6319995685,1963,1727.8241167951,,,
125.6959995683,1964,1093.3671321270,,,
125.7599995681,1965,1189.6493534610,,,
125.8239995679,1966,834.0132672367,,,
125.8879995677,1967,148.5560607016,,,
125.9519995674,1968,702.9816597841,,,
126.0159995672,1969,1783.0703071486,,,
126.0799995670,1970,2202.9593073361,,,
126.1439995668,1971,927.0351753740,,,
126.2079995666,1972,675.5932518909,,,
126.2719995664,1973,5104.0260549606,,,
126.3359995661,1974,1263.0771465359,,,
126.3999995659,1975,897.7646674643,,,
126.4639995657,1976,1555.3847058496,,,
126.5279995655,1977,749.1945464595,,,
126.5919995653,1978,188.8382881808,,,
126.6559995650,1979,940.5525377439,,,
126.7199995648,1980,452.7876978521,,,
126.7839995646,1981,909.5544407841,,,
126.8479995644,1982,470.4699767372,,,
126.9119995642,1983,502.5829368935,,,
126.9759995639,1984,167.1442529202,,,
127.0399995637,1985,337.8486149167,,,
127.1039995635,1986,1049.2302585063,,,
127.1679995633,1987,803.0423506807,,,
127.2319995631,1988,647.2302060012,,,
127.2959995628,1989,540.7926771570,,,
127.3599995626,1990,313.6478218446,,,
127.4239995624,1991,1010.3140701563,,,
127.4879995622,1992,352.8345640913,,,
127.5519995620,1993,543.1253436087,,,
127.6159995617,1994,1331.7184060871,,,
127.6799995615,1995,527.9632140002,,,
127.7439995613,1996,1565.0772522781,,,
127.8079995611,1997,979.7080208234,,,
127.8719995609,1998,723.6614194318,,,
127.9359995606,1999,452.1017463041,,,
127.9999995604,2000,1569.3761002817,,,
128.0639995602,2001,1027.2587729765,,,
128.1279995600,2002,904.8116465065,,,
128.1919995598,2003,855.7908947049,,,
128.2559995595,2004,559.5786893474,,,
128.3199995593,2005,834.9957752776,,,
128.3839995591,2006,1020.3616850956,,,
128.4479995589,2007,1610.6195430157,,,
128.5119995587,2008,596.9452326361,,,
128.5759995584,2009,1260.6428435428,,,
128.6399995582,2010,1330.6329088692,,,
128.7039995580,2011,484.8734083142,,,
128.7679995578,2012,396.7950833961,,,
128.8319995576,2013,241.7068490220,,,
128.8959995573,2014,406.4779576735,,,
128.9599995571,2015,1305.2026444297,,,
129.0239995569,2016,817.7830554402,,,
129.0879995567,2017,833.9484450588,,,
129.1519995565,2018,1643.9417184345,,,
129.2159995562,2019,654.5104259114,,,
129.2799995560,2020,144.0353567865,,,
129.3439995558,2021,1331.0068784386,,,
129.4079995556,2022,2016.0436965604,,,
129.4719995554,2023,1187.7340381136,,,
129.5359995551,2024,646.5703820533,,,
129.5999995549,2025,472.5109678597,,,
129.6639995547,2026,748.8427168159,,,
129.7279995545,2027,1981.7315144293,,,
129.7919995543,2028,1632.5207977329,,,
129.8559995540,2029,2934.5714115576,,,
129.9199995538,2030,1789.0327923957,,,
129.9839995536,2031,1555.5585584229,,,
130.0479995534,2032,2045.7403085877,,,
130.1119995532,2033,979.7829698062,,,
130.1759995529,2034,1068.3710850612,,,
130.2399995527,2035,3035.8578415733,,,
130.3039995525,2036,1060.3146166989,,,
130.3679995523,2037,1397.9337954711,,,
130.4319995521,2038,1604.1915107463,,,
130.4959995518,2039,1048.0392848591,,,
130.5599995516,2040,679.7425119945,,,
130.6239995514,2041,479.8927677936,,,
130.6879995512,2042,572.2188965929,,,
130.7519995510,2043,210.5361706717,,,
130.8159995507,2044,660.0803155249,,,
130.8799995505,2045,1622.8339400167,,,
130.9439995503,2046,2091.7246983238,,,
131.0079995501,2047,1027.3918385555,,,
131.0719995499,2048,2335.3141971313,,,
131.1359995496,2049,1337.6748094569,,,
131.1999995494,2050,2462.6589545547,,,
131.2639995492,2051,2183.5156090916,,,
131.3279995490,2052,660.2970688246,,,
131.3919995488,2053,1335.6365777194,,,
131.4559995485,2054,752.2886414890,,,
131.5199995483,2055,1113.8209675871,,,
131.5839995481,2056,1072.6945402085,,,
131.6479995479,2057,1816.9219806698,,,
131.7119995477,2058,1129.9119858371,,,
131.7759995474,2059,1158.2354309368,,,
131.8399995472,2060,1853.6792246894,,,
131.9039995470,2061,490.5534008201,,,
131.9679995468,2062,961.3312807077,,,
132.0319995466,2063,1128.0245611808,,,
132.0959995463,2064,1999.4528140466,,,
132.1599995461,2065,679.0394974302,,,
132.2239995459,2066,1206.6152646446,,,
132.2879995457,2067,1695.8759201296,,,
132.3519995455,2068,2179.8466490104,,,
132.4159995453,2069,1213.1167970126,,,
132.4799995450,2070,1921.4355004522,,,
132.5439995448,2071,2737.5695869813,,,
132.6079995446,2072,655.1355519778,,,
132.6719995444,2073,89.8014974697,,,
132.7359995442,2074,455.1126818828,,,
132.7999995439,2075,703.8906795689,,,
132.8639995437,2076,2294.4830929273,,,
132.9279995435,2077,118.5894039353,,,
132.9919995433,2078,1651.8703186718,,,
133.0559995431,2079,1778.3992428186,,,
133.1199995428,2080,627.0922474737,,,
133.1839995426,2081,795.9802508628,,,
133.2479995424,2082,368.9417752248,,,
133.3119995422,2083,343.8326896895,,,
133.3759995420,2084,1106.9431659286,,,
133.4399995417,2085,1224.9132343078,,,
133.5039995415,2086,959.4175316559,,,
133.5679995413,2087,472.0015120674,,,
133.6319995411,2088,143.7434088958,,,
133.6959995409,2089,216.1108786954,,,
133.7599995406,2090,246.0201112281,,,
133.8239995404,2091,1084.2091338840,,,
133.8879995402,2092,1199.2784434048,,,
133.9519995400,2093,2285.1069296219,,,
134.0159995398,2094,1809.2301828394,,,
134.0799995395,2095,606.1062964169,,,
134.1439995393,2096,1061.3599695306,,,
134.2079995391,2097,981.3443116339,,,
134.2719995389,2098,1122.7332144094,,,
134.3359995387,2099,279.0238169060,,,
134.3999995384,2100,348.1070332789,,,
134.4639995382,2101,479.4052211285,,,
134.5279995380,2102,297.7713648092,,,
134.5919995378,2103,947.7329794904,,,
134.6559995376,2104,1467.1629653214,,,
134.7199995373,2105,404.0570538190,,,
134.7839995371,2106,702.4147613415,,,
134.8479995369,2107,839.0901450018,,,
134.9119995367,2108,816.9005583454,,,
134.9759995365,2109,1764.3040502521,,,
135.0399995362,2110,801.1263443196,,,
135.1039995360,2111,1039.3157291714,,,
135.1679995358,2112,193.1538301040,,,
135.2319995356,2113,3120.6670646147,,,
135.2959995354,2114,1491.7562927316,,,
135.3599995351,2115,982.2682833240,,,
135.4239995349,2116,1028.4338961194,,,
135.4879995347,2117,1840.1881115982,,,
135.5519995345,2118,1502.9525864493,,,
135.6159995343,2119,3478.4473947971,,,
135.6799995340,2120,503.7141074160,,,
135.7439995338,2121,4253.8382982429,,,
135.8079995336,2122,423.8382410288,,,
135.8719995334,2123,299.1548049809,,,
135.9359995332,2124,1129.6530492095,,,
135.9999995329,2125,977.4196059227,,,
136.0639995327,2126,428.5561547771,,,
136.1279995325,2127,628.0803863067,,,
136.1919995323,2128,756.5050088698,,,
136.2559995321,2129,244.9369302253,,,
136.3199995318,2130,1104.4299196261,,,
136.3839995316,2131,1591.7760401514,,,
136.4479995314,2132,736.6738895876,,,
136.5119995312,2133,1080.7167846429,,,
136.5759995310,2134,1094.7140886494,,,
136.6399995307,2135,847.5223746774,,,
136.7039995305,2136,678.2173458890,,,
136.7679995303,2137,1148.7043743114,,,
136.8319995301,2138,1412.0257745649,,,
136.8959995299,2139,1921.5729293015,,,
136.9599995296,2140,2442.7807650460,,,
137.0239995294,2141,1444.8276283249,,,
137.0879995292,2142,706.0175953987,,,
137.1519995290,2143,326.2111870752,,,
137.2159995288,2144,873.8235769906,,,
137.2799995285,2145,864.3216465307,,,
137.3439995283,2146,2581.2372750026,,,
137.4079995281,2147,802.2870583621,,,
137.4719995279,2148,591.6904878843,,,
137.5359995277,2149,595.0233403115,,,
137.5999995274,2150,242.6882606234,,,
137.6639995272,2151,952.5613620153,,,
137.7279995270,2152,381.0977616925,,,
137.7919995268,2153,3944.2930120019,,,
137.8559995266,2154,1215.3259904961,,,
137.9199995263,2155,1090.3664470778,,,
137.9839995261,2156,908.1918095683,,,
138.0479995259,2157,745.5676979508,,,
138.1119995257,2158,1631.0031447366,,,
138.1759995255,2159,943.8372077906,,,
138.2399995252,2160,1175.7078694975,,,
138.3039995250,2161,470.0013596697,,,
138.3679995248,2162,825.6965156555,,,
138.4319995246,2163,1663.5215579782,,,
138.4959995244,2164,1295.4519681203,,,
138.5599995242,2165,1048.3547505535,,,
138.6239995239,2166,869.7935209196,,,
138.6879995237,2167,746.0410664733,,,
138.7519995235,2168,1172.7204203611,,,
138.8159995233,2169,4671.9590174563,,,
138.8799995231,2170,1288.8561570399,,,
138.9439995228,2171,1496.1491176235,,,
139.0079995226,2172,1610.1952682314,,,
139.0719995224,2173,1158.5340016950,,,
139.1359995222,2174,432.4485103495,,,
139.1999995220,2175,1383.7003844233,,,
139.2639995217,2176,748.9827536120,,,
139.3279995215,2177,1018.3229640746,,,
139.3919995213,2178,4161.2806441403,,,
139.4559995211,2179,3186.8011535674,,,
139.5199995209,2180,402.4412731922,,,
139.5839995206,2181,317.5987054177,,,
139.6479995204,2182,966.1287498050,,,
139.7119995202,2183,1487.3827210979,,,
139.7759995200,2184,1813.2032448234,,,
139.8399995198,2185,394.4825843344,,,
139.9039995195,2186,1036.5139244223,,,
139.9679995193,2187,722.7670300461,,,
140.0319995191,2188,1097.4286662741,,,
140.0959995189,2189,305.6252542347,,,
140.1599995187,2190,900.7783140763,,,
140.2239995184,2191,499.1742163439,,,
140.2879995182,2192,1129.9010724506,,,
140.3519995180,2193,165.8780524588,,,
140.4159995178,2194,441.4845026742,,,
140.4799995176,2195,1023.9224857030,,,
140.5439995173,2196,959.5914614325,,,
140.6079995171,2197,1883.4687313720,,,
140.6719995169,2198,1044.5231602061,,,
140.7359995167,2199,426.2658345808,,,
140.7999995165,2200,576.5118787709,,,
140.8639995162,2201,1402.7653015395,,,
140.9279995160,2202,740.3211017303,,,
140.9919995158,2203,1569.7885611431,,,
141.0559995156,2204,1330.3647102038,,,
141.1199995154,2205,1789.5628665411,,,
141.1839995151,2206,451.8941518681,,,
141.2479995149,2207,765.9493406583,,,
141.3119995147,2208,448.4434382663,,,
141.3759995145,2209,696.5739563471,,,
141.4399995143,2210,1148.4556646291,,,
141.5039995140,2211,2050.2662497206,,,
141.5679995138,2212,1591.1921005841,,,
141.6319995136,2213,1311.6459484886,,,
141.6959995134,2214,2913.0702696001,,,
141.7599995132,2215,235.4784109136,,,
141.8239995129,2216,371.1615194624,,,
141.8879995127,2217,262.5242429480,,,
141.9519995125,2218,771.7857087194,,,
142.0159995123,2219,558.2042888300,,,
142.0799995121,2220,935.5619245427,,,
142.1439995118,2221,596.4944637108,,,
142.2079995116,2222,522.9332059316,,,
142.2719995114,2223,126.4224353687,,,
142.3359995112,2224,215.4374183250,,,
142.3999995110,2225,253.5253121612,,,
142.4639995107,2226,2868.2761963901,,,
142.5279995105,2227,1205.1849508957,,,
142.5919995103,2228,720.0850604205,,,
142.6559995101,2229,1022.2767742349,,,
142.7199995099,2230,655.2037480502,,,
142.7839995096,2231,1512.8230489289,,,
142.8479995094,2232,741.6996467659,,,
142.9119995092,2233,1485.4262990903,,,
142.9759995090,2234,1724.8602252575,,,
143.0399995088,2235,2119.5654266435,,,
143.1039995085,2236,1470.8629052160,,,
143.1679995083,2237,442.0329730086,,,
143.2319995081,2238,521.1069126738,,,
143.2959995079,2239,719.0028034413,,,
143.3599995077,2240,1333.7575523622,,,
143.4239995074,2241,761.5073185720,,,
143.4879995072,2242,1939.1685776773,,,
143.5519995070,2243,4503.1472576027,,,
143.6159995068,2244,909.2062561389,,,
143.6799995066,2245,467.7981096707,,,
143.7439995063,2246,1150.0069695620,,,
143.8079995061,2247,738.8153949200,,,
143.8719995059,2248,847.3685625040,,,
143.9359995057,2249,728.1674661034,,,
143.9999995055,2250,84.3442060620,,,
144.0639995052,2251,1372.0355458095,,,
144.1279995050,2252,146.0053806519,,,
144.1919995048,2253,524.3090776047,,,
144.2559995046,2254,1715.6566199220,,,
144.3199995044,2255,1504.8038324705,,,
144.3839995041,2256,1226.5837462726,,,
144.4479995039,2257,794.1094885396,,,
144.5119995037,2258,1520.4268999404,,,
144.5759995035,2259,2208.7211409924,,,
144.6399995033,2260,633.3649244241,,,
144.7039995031,2261,1365.0392777064,,,
144.7679995028,2262,713.6223899296,,,
144.8319995026,2263,1767.7772351139,,,
144.8959995024,2264,1227.9539696878,,,
144.9599995022,2265,766.5333743674,,,
145.0239995020,2266,1449.9869866775,,,
145.0879995017,2267,2302.3750895225,,,
145.1519995015,2268,2310.1675543098,,,
145.2159995013,2269,2428.8191706053,,,
145.2799995011,2270,160.9874073232,,,
145.3439995009,2271,288.4732479935,,,
145.4079995006,2272,181.2630891001,,,
145.4719995004,2273,1327.0106539794,,,
145.5359995002,2274,1371.8174581550,,,
145.5999995000,2275,582.0527089102,,,
145.6639994998,2276,3639.3230429868,,,
145.7279994995,2277,1530.1687711801,,,
145.7919994993,2278,546.0844905385,,,
145.8559994991,2279,1978.3457786762,,,
145.9199994989,2280,1718.2691906472,,,
145.9839994987,2281,741.9696280454,,,
146.0479994984,2282,736.8985011250,,,
146.1119994982,2283,537.3336119065,,,
146.1759994980,2284,577.0220361271,,,
146.2399994978,2285,928.4468326487,,,
146.3039994976,2286,808.8915999195,,,
146.3679994973,2287,949.8091220805,,,
146.4319994971,2288,1983.7048309023,,,
146.4959994969,2289,46.6388475035,,,
146.5599994967,2290,1021.9623714583,,,
146.6239994965,2291,997.6174204996,,,
146.6879994962,2292,2193.1911441262,,,
146.7519994960,2293,2687.8003095454,,,
146.8159994958,2294,1018.9431660447,,,
146.8799994956,2295,1175.0999254184,,,
146.9439994954,2296,233.5784171691,,,
147.0079994951,2297,801.3041204633,,,
147.0719994949,2298,651.4613147973,,,
147.1359994947,2299,1321.8917075837,,,
147.1999994945,2300,1830.7181687585,,,
147.2639994943,2301,962.8643830043,,,
147.3279994940,2302,907.6043858956,,,
147.3919994938,2303,1270.3662345663,,,
147.4559994936,2304,1295.0007425571,,,
147.5199994934,2305,149.9027098178,,,
147.5839994932,2306,2462.4991484984,,,
147.6479994929,2307,997.7219878234,,,
147.7119994927,2308,928.7522807594,,,
147.7759994925,2309,1096.0068957658,,,
147.8399994923,2310,1675.5601177549,,,
147.9039994921,2311,3252.0708278078,,,
147.9679994918,2312,1918.6723652945,,,
148.0319994916,2313,1449.2699499910,,,
148.0959994914,2314,855.2529330235,,,
148.1599994912,2315,411.4604451746,,,
148.2239994910,2316,989.5925220876,,,
148.2879994907,2317,447.2915068720,,,
148.3519994905,2318,967.8611948002,,,
148.4159994903,2319,1142.9607285600,,,
148.4799994901,2320,588.4509785243,,,
148.5439994899,2321,483.6997713416,,,
148.6079994896,2322,309.3200247305,,,
148.6719994894,2323,1930.0954547828,,,
148.7359994892,2324,1560.9734614303,,,
148.7999994890,2325,1172.9796896723,,,
148.8639994888,2326,2406.0818287488,,,
148.9279994885,2327,1348.3153632988,,,
148.9919994883,2328,925.7560786022,,,
149.0559994881,2329,1777.1496302829,,,
149.1199994879,2330,1049.4302896207,,,
149.1839994877,2331,484.2320419091,,,
149.2479994874,2332,1153.8768655089,,,
149.3119994872,2333,1238.9086375435,,,
149.3759994870,2334,3395.4590636743,,,
149.4399994868,2335,1765.3241619128,,,
149.5039994866,2336,466.9235064647,,,
149.5679994863,2337,966.7205823191,,,
149.6319994861,2338,802.8551219814,,,
149.6959994859,2339,1941.7749275978,,,
149.7599994857,2340,1390.6490250271,,,
149.8239994855,2341,594.6397420177,,,
149.8879994852,2342,1474.0430682256,,,
149.9519994850,2343,252.3018491164,,,
150.0159994848,2344,578.2915126999,,,
150.0799994846,2345,834.2843812427,,,
150.1439994844,2346,214.5888125543,,,
150.2079994841,2347,870.4590210620,,,
150.2719994839,2348,638.1950751712,,,
150.3359994837,2349,594.6361919678,,,
150.3999994835,2350,1173.9170656055,,,
150.4639994833,2351,901.2402929461,,,
150.5279994830,2352,647.4127138267,,,
150.5919994828,2353,637.1198665833,,,
150.6559994826,2354,1256.7989186384,,,
150.7199994824,2355,1557.5834733982,,,
150.7839994822,2356,623.6263293203,,,
150.8479994819,2357,343.3247868421,,,
150.9119994817,2358,290.9133990893,,,
150.9759994815,2359,883.8695734481,,,
151.0399994813,2360,2281.6233214885,,,
151.1039994811,2361,2539.4167258993,,,
151.1679994809,2362,1649.7105878133,,,
151.2319994806,2363,787.5284068395,,,
